Date,Close/Last,Volume,Open,High,Low
06/21/2024,$12.44,1167001,$12.02,$12.59,$11.79
06/20/2024,$12.03,447886,$12.20,$12.36,$11.91
06/18/2024,$12.25,658354,$12.27,$12.52,$11.78
06/17/2024,$12.29,966990,$12.54,$12.549,$12.06
06/14/2024,$12.63,819109,$12.90,$13.16,$12.39
06/13/2024,$12.96,823173,$13.58,$13.62,$12.83
06/12/2024,$13.58,741084,$13.88,$14.20,$13.58
06/11/2024,$13.53,769365,$13.80,$13.89,$13.25
06/10/2024,$13.99,590004,$14.07,$14.38,$13.92
06/07/2024,$14.25,832619,$14.00,$14.39,$13.76
06/06/2024,$14.40,646202,$14.68,$14.775,$14.20
06/05/2024,$14.71,405980,$14.54,$15.00,$14.29
06/04/2024,$14.53,472457,$14.54,$14.79,$14.2587
06/03/2024,$14.87,599439,$15.38,$15.55,$14.52
05/31/2024,$15.29,987415,$15.34,$15.86,$14.91
05/30/2024,$15.55,695883,$16.11,$16.22,$15.31
05/29/2024,$16.22,657825,$16.60,$16.77,$16.1335
05/28/2024,$16.74,829231,$16.73,$17.30,$16.33
05/24/2024,$16.22,378395,$16.08,$16.31,$15.79
05/23/2024,$15.72,823373,$16.48,$16.70,$15.61
05/22/2024,$16.41,1154175,$17.00,$17.1192,$16.128
05/21/2024,$17.28,636634,$17.55,$17.98,$17.10
05/20/2024,$17.73,1077130,$18.81,$19.20,$17.71
05/17/2024,$18.56,3578789,$18.14,$18.96,$17.78
05/16/2024,$17.935,1204907,$17.82,$18.59,$17.16
05/15/2024,$17.05,841621,$18.19,$18.3799,$16.83
05/14/2024,$17.94,1028763,$17.20,$18.36,$17.00
05/13/2024,$17.00,695925,$17.24,$17.735,$16.99
05/10/2024,$17.13,892399,$18.08,$18.129,$16.79
05/09/2024,$17.87,709751,$17.25,$17.96,$17.10
05/08/2024,$17.20,956227,$16.63,$17.76,$16.60
05/07/2024,$16.82,1433410,$16.21,$17.48,$16.20
05/06/2024,$16.16,832758,$16.23,$16.37,$15.75
05/03/2024,$15.98,893000,$15.60,$16.02,$15.2001
05/02/2024,$15.36,884441,$14.97,$15.4899,$14.95
05/01/2024,$14.95,717869,$14.38,$15.06,$14.16
04/30/2024,$14.37,610673,$14.69,$14.97,$14.34
04/29/2024,$14.96,766245,$14.76,$15.24,$14.65
04/26/2024,$14.33,524013,$14.20,$14.5696,$14.07
04/25/2024,$14.05,576118,$13.96,$14.19,$13.76
04/24/2024,$14.07,467570,$14.09,$14.30,$13.86
04/23/2024,$14.03,506663,$13.59,$14.29,$13.4749
04/22/2024,$13.54,451884,$13.31,$13.895,$13.09
04/19/2024,$13.35,723937,$13.30,$13.5474,$13.01
04/18/2024,$13.41,1528506,$13.50,$13.86,$12.51
04/17/2024,$13.50,709919,$13.73,$14.0529,$13.1856
04/16/2024,$13.68,764796,$13.57,$13.79,$13.03
04/15/2024,$13.98,856577,$15.32,$15.32,$13.77
04/12/2024,$14.65,1005493,$15.60,$15.91,$14.4215
04/11/2024,$15.60,554504,$15.73,$15.74,$15.1101
04/10/2024,$15.51,676128,$15.21,$15.74,$14.79
04/09/2024,$15.42,1004846,$15.25,$15.99,$14.93
04/08/2024,$15.14,712099,$14.77,$15.17,$14.41
04/05/2024,$14.45,1003882,$13.89,$14.51,$13.41
04/04/2024,$13.77,1229992,$15.28,$15.28,$13.76
04/03/2024,$14.97,1815889,$14.50,$15.27,$14.37
04/02/2024,$14.46,1251616,$13.89,$14.5792,$13.65
04/01/2024,$14.11,2460119,$13.70,$14.43,$13.3612
03/28/2024,$12.96,1586621,$12.51,$13.14,$12.09
03/27/2024,$12.16,1479662,$11.53,$12.52,$11.45
03/26/2024,$11.52,782440,$12.03,$12.05,$11.42
03/25/2024,$11.85,779222,$11.84,$12.44,$11.70
03/22/2024,$11.88,1077351,$12.84,$12.84,$11.78
03/21/2024,$12.59,906008,$12.86,$13.46,$12.58
03/20/2024,$12.59,1391123,$12.45,$12.96,$12.23
03/19/2024,$12.55,879915,$12.41,$12.75,$12.15
03/18/2024,$12.70,1300752,$12.94,$12.94,$12.38
03/15/2024,$12.95,2639090,$14.40,$14.40,$12.85
03/14/2024,$14.26,634410,$14.70,$14.70,$14.01
03/13/2024,$14.71,1060469,$14.39,$15.32,$14.18
03/12/2024,$14.46,623659,$14.84,$14.86,$14.00
03/11/2024,$14.57,1435219,$13.62,$14.77,$13.57
03/08/2024,$13.50,1287398,$14.75,$14.8145,$13.50
03/07/2024,$14.60,931829,$15.25,$15.69,$14.50
03/06/2024,$15.11,1074328,$14.86,$15.45,$14.75
03/05/2024,$14.49,1262212,$15.04,$15.40,$14.16
03/04/2024,$15.59,1558010,$16.25,$16.36,$15.01
03/01/2024,$15.93,2505590,$14.73,$16.03,$13.78
02/29/2024,$14.22,2158643,$14.15,$15.8823,$13.90
02/28/2024,$13.84,1511758,$13.23,$14.15,$13.23
02/27/2024,$13.22,2049116,$12.56,$13.69,$12.13
02/26/2024,$12.51,1393936,$11.27,$12.52,$11.15
02/23/2024,$11.48,2620407,$12.05,$12.145,$10.46
02/22/2024,$11.88,1371552,$12.98,$13.006,$11.86
02/21/2024,$12.85,983806,$12.95,$13.2028,$12.661
02/20/2024,$12.80,1806412,$14.65,$15.14,$12.79
02/16/2024,$14.85,841093,$14.83,$15.33,$14.62
02/15/2024,$14.52,637720,$14.54,$15.28,$14.46
02/14/2024,$14.54,644725,$13.99,$14.8564,$13.93
02/13/2024,$13.93,1041381,$14.56,$14.725,$13.76
02/12/2024,$15.04,1022325,$15.10,$15.965,$14.91
02/09/2024,$14.64,1344697,$14.35,$14.75,$13.94
02/08/2024,$14.26,2274579,$13.05,$14.635,$12.64
02/07/2024,$13.06,2572990,$14.28,$14.44,$12.48
02/06/2024,$14.27,2688645,$14.47,$14.96,$13.51
02/05/2024,$14.39,6950630,$16.32,$16.36,$12.87
02/02/2024,$16.85,4214662,$19.11,$19.20,$16.14
02/01/2024,$19.52,2757155,$19.88,$20.35,$19.34
01/31/2024,$20.06,2360935,$21.41,$21.41,$19.68
01/30/2024,$21.38,1125500,$22.05,$22.2483,$21.345
01/29/2024,$22.40,793077,$22.70,$23.00,$22.20
01/26/2024,$22.73,767064,$22.96,$23.16,$22.48
01/25/2024,$22.65,706795,$22.83,$23.17,$22.40
01/24/2024,$22.77,1041374,$23.60,$24.16,$22.455
01/23/2024,$23.31,798046,$23.70,$24.60,$23.22
01/22/2024,$23.61,1192422,$23.25,$24.26,$22.66
01/19/2024,$24.01,1669822,$24.50,$24.61,$22.96
01/18/2024,$24.72,1282602,$25.89,$26.1177,$24.08
01/17/2024,$25.87,823209,$25.83,$26.425,$25.58
01/16/2024,$26.38,1047940,$27.20,$27.20,$25.51
01/12/2024,$26.20,1311729,$26.50,$27.365,$26.06
01/11/2024,$26.07,1170234,$27.54,$28.16,$25.815
01/10/2024,$27.46,1185379,$27.95,$28.225,$26.81
01/09/2024,$28.26,904020,$28.50,$28.53,$28.00
01/08/2024,$28.94,728857,$29.89,$29.98,$28.52
01/05/2024,$29.67,715112,$28.87,$29.67,$28.50
01/04/2024,$29.27,1123467,$29.60,$30.30,$28.67
01/03/2024,$29.58,533423,$30.35,$30.4891,$29.33
01/02/2024,$30.24,574131,$31.30,$31.85,$30.12
12/29/2023,$31.53,707085,$31.22,$32.32,$30.81
12/28/2023,$31.78,445843,$31.86,$32.10,$31.17
12/27/2023,$32.11,839689,$33.11,$33.13,$31.50
12/26/2023,$33.095,1094575,$32.77,$34.305,$32.58
12/22/2023,$32.79,511652,$33.50,$33.94,$32.56
12/21/2023,$33.20,2313509,$31.50,$33.91,$31.39
12/20/2023,$31.67,2404716,$30.75,$32.8699,$30.50
12/19/2023,$30.37,2151419,$30.18,$32.20,$29.955
12/18/2023,$29.48,2526137,$26.88,$30.06,$25.7001
12/15/2023,$26.65,1589578,$27.41,$27.85,$26.62
12/14/2023,$26.93,2190438,$29.14,$29.14,$26.485
12/13/2023,$28.02,1612768,$27.68,$28.22,$26.75
12/12/2023,$27.73,541508,$28.29,$28.59,$27.52
12/11/2023,$28.22,682680,$29.03,$29.03,$27.76
12/08/2023,$29.43,877844,$29.61,$30.42,$29.42
12/07/2023,$29.18,757450,$28.46,$30.08,$28.46
12/06/2023,$28.41,1042584,$28.40,$30.05,$28.40
12/05/2023,$28.09,2262895,$29.41,$29.43,$26.52
12/04/2023,$29.88,632767,$30.29,$30.9399,$29.33
12/01/2023,$31.12,1024130,$29.98,$31.28,$29.13
11/30/2023,$29.99,1059011,$29.44,$30.05,$29.30
11/29/2023,$29.32,646892,$29.74,$30.4798,$28.82
11/28/2023,$29.70,1100141,$28.31,$29.90,$28.115
11/27/2023,$28.35,822808,$28.65,$29.42,$28.20
11/24/2023,$29.50,498705,$28.71,$30.00,$28.52
11/22/2023,$28.39,495783,$27.98,$28.645,$27.98
11/21/2023,$28.69,1366609,$29.20,$29.89,$28.15
11/20/2023,$29.25,1277989,$30.45,$30.8163,$29.05
11/17/2023,$29.92,2107223,$27.53,$30.205,$27.31
11/16/2023,$26.82,2236915,$27.29,$27.85,$25.99
11/15/2023,$27.08,3154746,$25.67,$28.75,$25.09
11/14/2023,$24.73,1892245,$23.82,$25.41,$23.61
11/13/2023,$22.92,1272646,$22.00,$23.03,$21.37
11/10/2023,$21.765,687554,$22.42,$22.42,$21.20
11/09/2023,$22.20,1134634,$23.03,$23.8922,$21.88
11/08/2023,$23.02,855715,$24.50,$24.89,$22.95
11/07/2023,$24.75,681239,$24.76,$25.00,$24.14
11/06/2023,$25.00,514914,$26.10,$26.44,$24.785
11/03/2023,$25.91,1011884,$25.58,$26.5773,$25.41
11/02/2023,$25.54,1018370,$26.16,$26.23,$24.55
11/01/2023,$25.59,1504511,$25.80,$26.25,$23.76
10/31/2023,$24.45,1159938,$25.34,$25.8499,$24.20
10/30/2023,$25.36,1007872,$28.05,$28.5887,$25.08
10/27/2023,$27.74,1141527,$27.22,$28.06,$26.47
10/26/2023,$26.42,951044,$25.95,$27.22,$25.42
10/25/2023,$25.89,385850,$26.01,$26.48,$25.15
10/24/2023,$26.37,940183,$26.00,$26.96,$26.00
10/23/2023,$25.85,1183749,$24.54,$25.97,$23.81
10/20/2023,$24.76,1740747,$25.18,$25.52,$24.00
10/19/2023,$25.92,1948536,$27.20,$27.20,$24.81
10/18/2023,$27.20,620255,$28.27,$28.32,$27.10
10/17/2023,$28.85,784119,$27.80,$29.46,$27.26
10/16/2023,$28.63,1321161,$27.20,$29.57,$26.90
10/13/2023,$27.10,1604319,$26.07,$27.39,$26.02
10/12/2023,$26.11,1234364,$27.22,$27.2647,$25.72
10/11/2023,$26.98,1116375,$28.37,$28.58,$26.27
10/10/2023,$28.34,1134708,$28.44,$29.09,$27.84
10/09/2023,$28.37,1642384,$27.06,$28.67,$26.45
10/06/2023,$27.56,2337500,$27.12,$28.23,$25.95
10/05/2023,$27.75,6060815,$28.87,$28.99,$25.02
10/04/2023,$29.88,1444939,$29.20,$30.015,$27.81
10/03/2023,$29.67,751080,$29.60,$30.595,$29.16
10/02/2023,$30.33,1456474,$32.20,$32.20,$29.98
09/29/2023,$32.44,1752633,$32.94,$33.10,$31.88
09/28/2023,$32.09,2208722,$32.69,$34.31,$31.09
09/27/2023,$32.86,758812,$32.85,$33.438,$32.22
09/26/2023,$33.00,1251150,$33.86,$34.63,$32.765
09/25/2023,$34.44,565925,$34.44,$34.9163,$33.95
09/22/2023,$34.74,1191626,$35.83,$36.50,$34.32
09/21/2023,$35.70,1302148,$36.39,$36.39,$34.05
09/20/2023,$36.73,1131381,$38.46,$38.70,$36.55
09/19/2023,$38.45,1143902,$38.89,$39.38,$38.03
09/18/2023,$38.65,1007276,$37.64,$39.12,$37.32
09/15/2023,$37.70,763891,$36.84,$37.93,$36.55
09/14/2023,$36.86,781224,$37.25,$37.61,$36.57
09/13/2023,$36.54,2669180,$35.00,$38.28,$34.87
09/12/2023,$32.13,745832,$33.00,$33.34,$31.72
09/11/2023,$33.11,334570,$32.05,$33.71,$32.05
09/08/2023,$32.02,338248,$32.75,$32.89,$31.79
09/07/2023,$32.59,316236,$32.64,$32.99,$31.927
09/06/2023,$32.93,672613,$35.24,$35.24,$32.30
09/05/2023,$34.61,1064938,$32.24,$34.98,$32.24
09/01/2023,$31.82,705346,$30.99,$32.38,$30.99
08/31/2023,$30.64,569753,$29.87,$30.81,$29.65
08/30/2023,$29.99,1462900,$30.78,$31.00,$29.44
08/29/2023,$30.92,978070,$30.31,$31.30,$29.88
08/28/2023,$30.61,732527,$31.47,$32.39,$30.58
08/25/2023,$32.02,857447,$32.39,$32.42,$31.13
08/24/2023,$32.38,430674,$33.55,$33.75,$32.32
08/23/2023,$33.38,604959,$32.32,$33.58,$32.22
08/22/2023,$32.93,503261,$34.55,$34.90,$32.87
08/21/2023,$34.16,680069,$33.66,$35.025,$33.66
08/18/2023,$33.57,745227,$33.09,$34.0025,$32.81
08/17/2023,$33.61,532387,$34.15,$34.15,$33.12
08/16/2023,$33.72,595293,$33.07,$34.22,$33.07
08/15/2023,$33.59,760055,$33.84,$34.51,$33.1101
08/14/2023,$34.18,940492,$35.06,$35.365,$33.75
08/11/2023,$35.59,376412,$35.37,$35.95,$35.17
08/10/2023,$35.95,277623,$36.07,$36.35,$35.31
08/09/2023,$36.12,369303,$36.55,$37.00,$35.92
08/08/2023,$36.43,329415,$36.08,$36.66,$35.80
08/07/2023,$36.32,424081,$37.59,$37.65,$36.125
08/04/2023,$37.51,390569,$37.33,$37.67,$36.69
08/03/2023,$37.19,472892,$36.77,$37.34,$36.21
08/02/2023,$36.78,603547,$36.91,$37.53,$36.08
08/01/2023,$37.54,587827,$38.41,$39.01,$37.37
07/31/2023,$39.03,1083358,$39.95,$40.26,$38.68
07/28/2023,$39.14,2242148,$36.31,$39.70,$36.25
07/27/2023,$36.07,877075,$37.41,$37.585,$35.88
07/26/2023,$37.295,685084,$37.05,$38.17,$36.71
07/25/2023,$37.17,709377,$36.28,$38.20,$36.28
07/24/2023,$36.12,1202261,$36.80,$36.80,$34.76
07/21/2023,$36.83,993963,$37.90,$38.17,$35.74
07/20/2023,$38.03,490325,$38.52,$38.7857,$37.75
07/19/2023,$38.86,926820,$39.60,$39.79,$37.4956
07/18/2023,$39.75,462744,$40.58,$41.38,$39.68
07/17/2023,$40.54,669020,$39.26,$41.19,$39.10
07/14/2023,$39.36,318177,$40.07,$40.10,$39.1601
07/13/2023,$40.19,502027,$40.96,$41.405,$39.87
07/12/2023,$40.70,267389,$41.31,$41.8999,$40.15
07/11/2023,$40.77,207185,$41.30,$41.305,$40.23
07/10/2023,$41.11,516411,$39.99,$41.36,$38.73
07/07/2023,$39.99,388180,$39.35,$40.75,$39.2333
07/06/2023,$39.44,482222,$38.80,$39.60,$37.80
07/05/2023,$39.36,258442,$39.93,$40.20,$39.03
07/03/2023,$39.89,248981,$40.95,$41.18,$38.705
06/30/2023,$40.30,809909,$39.60,$40.46,$38.75
06/29/2023,$38.69,396680,$37.94,$39.05,$37.59
06/28/2023,$37.83,800310,$36.00,$38.07,$35.39
06/27/2023,$36.30,574570,$36.90,$36.90,$35.90
06/26/2023,$36.31,596660,$36.72,$37.32,$35.55
06/23/2023,$36.70,605143,$37.07,$37.5697,$36.32
06/22/2023,$37.84,537150,$38.18,$38.70,$37.54
06/21/2023,$38.69,1014958,$38.63,$39.90,$37.94
06/20/2023,$39.19,945473,$38.64,$39.47,$37.315
06/16/2023,$38.73,691217,$40.21,$40.40,$38.57
06/15/2023,$39.63,1046486,$38.20,$40.47,$37.75
06/14/2023,$38.32,908084,$41.85,$41.85,$38.18
06/13/2023,$41.30,869594,$41.17,$43.18,$40.90
06/12/2023,$40.92,509292,$41.94,$41.94,$40.52
06/09/2023,$41.775,339532,$41.66,$41.88,$40.56
06/08/2023,$41.535,369584,$41.55,$41.86,$40.23
06/07/2023,$41.065,310198,$41.55,$42.17,$41.02
06/06/2023,$41.54,695208,$40.90,$42.40,$40.68
06/05/2023,$40.87,632480,$39.84,$41.28,$39.6212
06/02/2023,$39.76,498591,$40.87,$41.15,$39.02
06/01/2023,$39.81,454371,$38.00,$39.85,$36.85
05/31/2023,$37.62,370346,$38.09,$38.31,$37.05
05/30/2023,$38.49,451233,$39.73,$39.96,$37.68
05/26/2023,$39.54,505006,$38.50,$40.164,$38.23
05/25/2023,$38.01,398033,$39.16,$39.39,$37.54
05/24/2023,$39.08,361786,$39.16,$39.29,$38.18
05/23/2023,$39.615,578546,$40.08,$41.08,$39.265
05/22/2023,$40.55,505616,$40.48,$40.90,$38.94
05/19/2023,$40.35,659778,$41.76,$41.96,$39.875
05/18/2023,$41.24,786293,$41.35,$41.8799,$40.1584
05/17/2023,$42.40,998416,$40.70,$42.79,$40.27
05/16/2023,$40.41,843727,$40.85,$41.76,$40.13
05/15/2023,$40.91,1030387,$39.39,$41.50,$39.39
05/12/2023,$39.42,411823,$39.20,$39.84,$38.53
05/11/2023,$39.40,579587,$38.99,$39.80,$37.99
05/10/2023,$39.35,929381,$39.17,$39.55,$38.11
05/09/2023,$37.74,298072,$37.25,$38.30,$37.15
05/08/2023,$37.73,598718,$37.52,$38.35,$37.16
05/05/2023,$36.84,642985,$34.72,$36.93,$34.72
05/04/2023,$34.46,686940,$33.55,$34.82,$33.29
05/03/2023,$33.365,855779,$34.07,$34.74,$32.83
05/02/2023,$34.00,506155,$33.85,$34.361,$33.44
05/01/2023,$34.32,449499,$34.67,$35.3381,$33.68
04/28/2023,$34.81,605255,$33.10,$34.90,$32.85
04/27/2023,$33.47,595113,$33.68,$33.69,$32.82
04/26/2023,$33.77,632589,$34.67,$34.67,$33.68
04/25/2023,$34.26,641644,$35.32,$35.65,$33.84
04/24/2023,$35.97,610693,$35.50,$36.00,$34.625
04/21/2023,$35.31,1231471,$34.00,$35.8453,$33.95
04/20/2023,$34.12,1697910,$36.34,$36.44,$33.40
04/19/2023,$36.65,477184,$37.68,$37.79,$36.34
04/18/2023,$37.72,733848,$39.71,$39.77,$37.26
04/17/2023,$38.78,658437,$40.00,$40.01,$38.15
04/14/2023,$39.90,944372,$38.85,$40.1986,$38.7803
04/13/2023,$38.55,763523,$37.28,$39.0917,$37.22
04/12/2023,$37.20,562885,$37.30,$37.58,$36.1077
04/11/2023,$36.89,643097,$36.69,$37.75,$36.45
04/10/2023,$36.13,457942,$36.09,$36.29,$34.62
04/06/2023,$36.07,553242,$35.71,$36.1984,$35.1301
04/05/2023,$35.57,707151,$36.82,$36.96,$35.06
04/04/2023,$37.36,742660,$38.20,$38.29,$36.41
04/03/2023,$38.13,797383,$38.31,$40.30,$37.83
03/31/2023,$37.62,559695,$38.83,$38.96,$37.37
03/30/2023,$38.36,644681,$38.59,$39.00,$37.50
03/29/2023,$37.62,581885,$37.07,$37.87,$35.92
03/28/2023,$36.95,2212233,$35.99,$39.04,$35.42
03/27/2023,$34.09,609884,$33.08,$34.7508,$32.76
03/24/2023,$33.54,737216,$32.45,$33.97,$31.57
03/23/2023,$32.90,796548,$34.41,$35.589,$32.87
03/22/2023,$34.53,778100,$35.10,$35.10,$33.69
03/21/2023,$35.27,2060953,$34.75,$36.57,$33.81
03/20/2023,$36.50,2056528,$33.10,$37.20,$33.0515
03/17/2023,$33.27,565798,$34.00,$34.00,$32.80
03/16/2023,$34.09,506091,$32.30,$34.37,$31.9388
03/15/2023,$32.52,805271,$33.51,$33.845,$32.2524
03/14/2023,$34.55,494150,$33.98,$35.22,$33.77
03/13/2023,$33.59,474618,$33.25,$34.06,$32.88
03/10/2023,$34.18,565298,$34.11,$34.91,$33.201
03/09/2023,$34.03,915514,$35.42,$36.0798,$33.33
03/08/2023,$35.42,382315,$34.95,$36.00,$34.40
03/07/2023,$34.86,677532,$36.21,$36.49,$34.72
03/06/2023,$36.66,669354,$37.93,$37.93,$35.86
03/03/2023,$37.50,1705795,$35.11,$37.68,$34.5899
03/02/2023,$35.02,1141980,$32.58,$35.76,$32.555
03/01/2023,$35.73,909700,$36.16,$36.6199,$35.02
02/28/2023,$35.96,1093289,$36.79,$38.00,$35.37
02/27/2023,$36.70,957752,$35.48,$36.77,$34.95
02/24/2023,$34.94,1063351,$33.44,$35.5993,$32.4818
02/23/2023,$34.31,949813,$35.67,$35.755,$33.48
02/22/2023,$35.56,1943704,$34.63,$36.40,$32.09
02/21/2023,$34.23,3768757,$35.25,$35.55,$32.64
02/17/2023,$29.48,989915,$30.66,$30.66,$28.78
02/16/2023,$30.35,358908,$29.91,$31.45,$29.6201
02/15/2023,$30.20,297543,$29.375,$30.29,$28.95
02/14/2023,$29.91,395583,$29.58,$29.985,$28.69
02/13/2023,$29.40,405675,$28.43,$29.65,$28.17
02/10/2023,$28.28,392060,$28.04,$28.88,$28.02
02/09/2023,$28.57,265058,$29.84,$29.96,$28.57
02/08/2023,$29.41,324928,$28.94,$29.49,$28.73
02/07/2023,$28.71,489751,$28.47,$29.84,$28.47
02/06/2023,$28.50,862404,$29.88,$30.17,$28.28
02/03/2023,$30.18,734431,$32.10,$32.94,$29.842
02/02/2023,$32.41,982746,$31.93,$33.2099,$31.76
02/01/2023,$31.51,365763,$31.40,$31.88,$30.11
01/31/2023,$30.50,388669,$29.60,$31.38,$29.60
01/30/2023,$29.56,368820,$30.35,$31.07,$29.30
01/27/2023,$30.69,507567,$30.97,$32.22,$29.955
01/26/2023,$30.94,365168,$30.52,$31.13,$29.927
01/25/2023,$30.20,423210,$31.20,$31.20,$29.63
01/24/2023,$31.21,609322,$30.63,$32.68,$30.63
01/23/2023,$31.58,488455,$31.69,$31.9599,$29.6212
01/20/2023,$30.51,383448,$30.35,$31.46,$30.00
01/19/2023,$29.65,525165,$31.50,$31.69,$29.38
01/18/2023,$31.58,578277,$30.22,$31.86,$29.97
01/17/2023,$29.71,437781,$30.58,$30.78,$29.11
01/13/2023,$30.19,675010,$28.96,$30.90,$28.82
01/12/2023,$28.53,565285,$27.77,$29.09,$27.66
01/11/2023,$27.78,554262,$25.66,$28.1192,$25.66
01/10/2023,$25.77,647982,$26.57,$27.39,$25.43
01/09/2023,$26.88,842504,$27.76,$28.28,$26.48
01/06/2023,$26.96,674034,$26.50,$27.78,$26.00
01/05/2023,$25.83,531294,$25.05,$26.31,$25.00
01/04/2023,$25.85,897176,$25.65,$26.57,$24.07
01/03/2023,$25.37,915444,$28.80,$29.37,$25.145
12/30/2022,$28.22,444706,$26.87,$28.22,$26.77
12/29/2022,$27.49,1200032,$27.37,$27.88,$26.30
12/28/2022,$27.42,950873,$29.05,$29.79,$27.27
12/27/2022,$29.00,376721,$30.81,$30.81,$28.97
12/23/2022,$30.85,266250,$31.28,$31.40,$30.59
12/22/2022,$31.50,424136,$31.45,$32.20,$31.15
12/21/2022,$31.50,480226,$30.00,$31.60,$29.61
12/20/2022,$30.00,337736,$29.05,$30.20,$29.01
12/19/2022,$29.20,311500,$29.44,$30.33,$29.01
12/16/2022,$29.83,537602,$29.63,$30.80,$29.36
12/15/2022,$30.53,1366107,$30.83,$30.83,$28.875
12/14/2022,$31.70,961698,$31.62,$32.87,$29.981
12/13/2022,$31.70,690330,$34.21,$34.21,$30.72
12/12/2022,$31.685,855853,$34.00,$34.20,$30.89
12/09/2022,$34.36,593771,$36.30,$38.19,$34.07
12/08/2022,$36.31,604297,$35.10,$37.34,$35.10
12/07/2022,$35.25,528124,$34.79,$36.37,$34.75
12/06/2022,$35.18,573286,$35.80,$35.80,$34.63
12/05/2022,$34.88,957873,$36.288,$36.6046,$34.32
12/02/2022,$34.07,262882,$32.89,$34.75,$32.51
12/01/2022,$33.38,241273,$34.62,$34.70,$33.21
11/30/2022,$34.30,703213,$32.69,$34.81,$32.20
11/29/2022,$31.72,479301,$30.76,$32.70,$30.5101
11/28/2022,$30.33,393465,$30.01,$31.35,$29.99
11/25/2022,$30.47,393017,$31.03,$31.29,$29.52
11/23/2022,$31.51,719426,$29.50,$31.57,$29.23
11/22/2022,$29.50,336832,$28.81,$29.98,$28.54
11/21/2022,$28.93,640760,$28.54,$29.25,$27.73
11/18/2022,$29.48,673999,$28.66,$29.95,$28.02
11/17/2022,$29.04,698522,$29.26,$29.9799,$28.31
11/16/2022,$30.34,796440,$31.13,$31.32,$29.51
11/15/2022,$31.97,1461814,$35.15,$35.46,$30.31
11/14/2022,$35.04,560438,$34.65,$35.06,$32.81
11/11/2022,$34.76,856196,$36.00,$37.25,$34.61
11/10/2022,$35.51,679040,$36.03,$36.47,$34.49
11/09/2022,$34.71,567703,$35.94,$36.48,$34.31
11/08/2022,$35.66,827049,$33.59,$36.60,$33.52
11/07/2022,$33.56,515663,$35.15,$35.45,$33.22
11/04/2022,$34.70,465213,$35.28,$35.64,$33.57
11/03/2022,$33.26,569868,$33.05,$35.5588,$32.26
11/02/2022,$33.25,592501,$35.475,$35.58,$33.17
11/01/2022,$35.39,954868,$36.19,$36.59,$33.64
10/31/2022,$35.74,2109819,$36.17,$39.93,$35.63
10/28/2022,$36.50,647661,$37.40,$38.46,$36.34
10/27/2022,$37.46,566432,$36.07,$37.71,$35.74
10/26/2022,$36.26,711633,$37.00,$37.00,$36.00
10/25/2022,$36.77,940140,$35.17,$36.875,$34.64
10/24/2022,$34.91,791909,$35.60,$35.60,$33.25
10/21/2022,$35.48,796243,$33.97,$35.9198,$33.34
10/20/2022,$33.59,727004,$33.83,$34.71,$33.21
10/19/2022,$33.83,893757,$33.35,$34.32,$32.235
10/18/2022,$33.35,983130,$32.00,$33.72,$31.36
10/17/2022,$31.37,1353409,$29.57,$31.9618,$29.57
10/14/2022,$29.47,994826,$30.94,$31.3338,$28.09
10/13/2022,$30.55,782638,$28.34,$30.86,$27.98
10/12/2022,$29.20,412770,$28.50,$29.60,$27.70
10/11/2022,$28.50,535708,$27.94,$29.28,$27.21
10/10/2022,$28.57,645054,$27.91,$28.79,$26.43
10/07/2022,$28.30,713423,$29.19,$29.205,$27.94
10/06/2022,$29.41,545002,$29.71,$30.09,$29.03
10/05/2022,$29.53,773584,$29.60,$29.76,$28.01
10/04/2022,$29.81,1192965,$28.82,$30.49,$28.80
10/03/2022,$28.02,535518,$28.00,$28.29,$26.88
09/30/2022,$27.19,594695,$26.05,$27.60,$25.5835
09/29/2022,$26.11,1199998,$26.45,$26.45,$24.31
09/28/2022,$26.45,593421,$25.20,$26.90,$24.49
09/27/2022,$25.04,541654,$24.96,$25.51,$24.45
09/26/2022,$24.18,658312,$24.07,$25.55,$23.86
09/23/2022,$24.70,866250,$26.23,$26.55,$23.77
09/22/2022,$26.33,591390,$27.46,$27.88,$26.00
09/21/2022,$27.09,926409,$26.30,$28.6448,$25.68
09/20/2022,$26.20,397192,$27.00,$27.20,$25.9484
09/19/2022,$27.10,755375,$25.03,$27.25,$24.66
09/16/2022,$25.63,2147720,$26.54,$27.1052,$25.4101
09/15/2022,$27.25,1434314,$29.01,$29.50,$26.36
09/14/2022,$28.87,1169796,$27.87,$29.25,$27.60
09/13/2022,$27.52,1161470,$27.22,$28.92,$27.05
09/12/2022,$27.81,1691878,$25.39,$28.64,$25.38
09/09/2022,$24.96,579402,$25.08,$25.26,$23.43
09/08/2022,$24.72,573426,$23.98,$25.00,$23.8747
09/07/2022,$23.59,314673,$23.01,$23.86,$22.73
09/06/2022,$22.91,401154,$23.35,$23.9799,$22.57
09/02/2022,$22.39,495506,$21.40,$22.78,$20.93
09/01/2022,$21.29,948543,$23.03,$23.03,$20.15
08/31/2022,$23.09,402544,$21.95,$23.2227,$21.91
08/30/2022,$22.22,407285,$23.11,$23.68,$21.97
08/29/2022,$23.10,676750,$23.11,$23.9775,$22.14
08/26/2022,$24.17,854520,$25.01,$25.24,$23.51
08/25/2022,$24.91,536867,$25.32,$25.59,$24.02
08/24/2022,$25.00,1070280,$23.35,$25.25,$22.56
08/23/2022,$23.38,906337,$21.77,$23.71,$21.77
08/22/2022,$21.80,668624,$19.13,$22.49,$19.12
08/19/2022,$19.70,483047,$20.332,$20.48,$19.115
08/18/2022,$21.00,376949,$21.41,$22.1686,$20.85
08/17/2022,$21.49,415116,$21.72,$22.00,$21.04
08/16/2022,$22.05,408548,$22.65,$22.96,$21.77
08/15/2022,$22.84,434371,$23.25,$23.28,$22.60
08/12/2022,$23.44,693056,$22.10,$23.515,$21.64
08/11/2022,$21.93,576021,$22.69,$23.298,$21.78
08/10/2022,$22.47,625820,$21.69,$23.07,$21.50
08/09/2022,$21.21,524497,$20.97,$21.72,$19.91
08/08/2022,$20.89,648797,$20.41,$20.97,$19.51
08/05/2022,$20.11,767321,$18.91,$20.12,$18.53
08/04/2022,$18.99,319899,$18.38,$19.00,$18.0159
08/03/2022,$18.20,289458,$18.01,$18.33,$17.55
08/02/2022,$17.84,178675,$17.90,$18.20,$17.61
08/01/2022,$18.00,173392,$17.64,$18.47,$17.19
07/29/2022,$17.64,346663,$17.69,$17.9329,$17.17
07/28/2022,$17.71,301248,$16.40,$17.81,$16.345
07/27/2022,$16.40,297642,$16.02,$16.50,$15.8506
07/26/2022,$16.02,95539,$16.00,$16.18,$15.59
07/25/2022,$15.89,119126,$15.22,$15.89,$14.90
07/22/2022,$14.99,218579,$16.19,$16.19,$14.91
07/21/2022,$16.03,319661,$15.17,$16.03,$15.085
07/20/2022,$15.12,186845,$14.46,$15.18,$14.46
07/19/2022,$14.44,294457,$15.12,$15.2499,$14.28
07/18/2022,$14.93,313229,$15.15,$15.44,$14.75
07/15/2022,$14.37,216141,$13.73,$14.40,$13.73
07/14/2022,$13.65,270167,$14.17,$14.24,$13.64
07/13/2022,$14.46,272623,$14.05,$14.73,$14.0001
07/12/2022,$14.30,229017,$14.20,$14.75,$14.10
07/11/2022,$14.57,155525,$15.05,$15.35,$14.45
07/08/2022,$15.46,201519,$14.90,$15.55,$14.82
07/07/2022,$15.29,246426,$14.12,$15.41,$14.12
07/06/2022,$13.83,496256,$14.37,$14.65,$13.28
07/05/2022,$14.38,388995,$14.77,$14.77,$13.31
07/01/2022,$14.78,312319,$15.17,$15.17,$14.26
06/30/2022,$15.40,675795,$15.36,$15.62,$14.68
06/29/2022,$15.58,1634038,$16.34,$16.47,$14.93
06/28/2022,$16.36,324394,$16.72,$17.327,$16.14
06/27/2022,$16.65,395442,$16.10,$16.84,$16.10
06/24/2022,$16.10,479984,$16.22,$16.3488,$15.80
06/23/2022,$15.94,1091455,$17.51,$18.06,$15.61
06/22/2022,$17.05,348345,$16.10,$17.20,$15.40
06/21/2022,$15.92,217571,$15.45,$16.33,$15.45
06/17/2022,$15.41,390083,$15.42,$15.64,$14.50
06/16/2022,$15.17,382459,$15.58,$15.82,$14.9209
06/15/2022,$15.84,590975,$15.92,$16.38,$15.1301
06/14/2022,$15.86,570258,$16.27,$16.28,$15.40
06/13/2022,$15.57,411787,$16.28,$16.3762,$15.32
06/10/2022,$17.03,294132,$16.00,$17.06,$15.62
06/09/2022,$16.27,428005,$17.47,$17.58,$16.24
06/08/2022,$17.55,223144,$17.51,$18.20,$17.3101
06/07/2022,$17.58,253055,$17.12,$17.84,$17.01
06/06/2022,$17.37,224122,$18.34,$18.34,$16.9408
06/03/2022,$18.07,451100,$16.85,$18.21,$16.12
06/02/2022,$17.24,382693,$15.22,$17.45,$15.19
06/01/2022,$15.22,1441842,$16.36,$16.66,$14.055
05/31/2022,$16.66,1215805,$18.69,$19.99,$15.8588
05/27/2022,$18.30,1143922,$17.27,$18.98,$17.18
05/26/2022,$17.18,1063049,$15.61,$17.66,$15.57
05/25/2022,$15.43,207470,$15.09,$15.50,$14.75
05/24/2022,$14.99,289605,$15.57,$15.57,$14.33
05/23/2022,$15.49,124982,$14.51,$15.50,$14.45
05/20/2022,$14.49,287650,$14.80,$14.98,$14.15
05/19/2022,$14.68,112526,$13.79,$14.80,$13.72
05/18/2022,$13.87,309419,$14.32,$14.5099,$13.70
05/17/2022,$14.66,306382,$14.85,$14.95,$14.4125
05/16/2022,$14.32,149951,$14.55,$14.84,$14.00
05/13/2022,$14.55,276649,$14.40,$14.77,$14.00
05/12/2022,$14.09,209240,$13.02,$14.82,$12.71
05/11/2022,$13.77,270880,$14.10,$14.55,$13.54
05/10/2022,$14.04,375582,$14.88,$14.96,$13.10
05/09/2022,$14.33,567667,$15.34,$15.34,$13.66
05/06/2022,$15.93,585124,$17.27,$17.29,$15.27
05/05/2022,$17.02,447914,$17.98,$18.0982,$16.66
05/04/2022,$17.54,484672,$17.27,$17.59,$16.515
05/03/2022,$16.98,615219,$15.94,$17.24,$15.94
05/02/2022,$15.94,286748,$15.60,$16.0499,$15.11
04/29/2022,$15.80,307929,$15.62,$15.95,$15.45
04/28/2022,$15.77,209929,$15.18,$15.88,$15.15
04/27/2022,$15.22,180428,$15.39,$15.96,$14.86
04/26/2022,$15.39,261248,$15.77,$15.826,$15.14
04/25/2022,$16.05,410188,$15.16,$16.18,$14.31
04/22/2022,$15.71,676693,$16.59,$16.77,$14.96
04/21/2022,$16.91,498472,$17.87,$18.01,$16.67
04/20/2022,$17.11,410159,$17.47,$17.75,$16.70
04/19/2022,$17.04,506917,$17.30,$17.75,$16.3837
04/18/2022,$17.29,572149,$15.73,$17.30,$15.70
04/14/2022,$15.86,279536,$15.69,$16.0224,$15.35
04/13/2022,$15.90,459166,$15.98,$16.30,$15.00
04/12/2022,$16.18,725005,$16.70,$16.73,$14.65
04/11/2022,$16.36,592895,$17.82,$18.09,$15.73
04/08/2022,$17.02,718455,$18.62,$19.48,$16.63
04/07/2022,$17.66,738404,$16.52,$18.00,$16.42
04/06/2022,$16.20,386539,$15.77,$16.75,$15.33
04/05/2022,$15.99,409937,$16.65,$17.01,$15.61
04/04/2022,$16.50,968285,$15.84,$17.36,$15.75
04/01/2022,$15.53,1083215,$13.98,$16.59,$13.90
03/31/2022,$13.59,181212,$13.08,$13.85,$13.01
03/30/2022,$13.18,561451,$13.68,$13.99,$12.95
03/29/2022,$13.75,239470,$14.30,$14.30,$13.57
03/28/2022,$13.97,504347,$14.65,$14.80,$13.6759
03/25/2022,$14.53,437829,$15.00,$15.10,$13.61
03/24/2022,$14.69,456878,$14.60,$15.22,$14.34
03/23/2022,$14.40,337378,$13.99,$14.59,$13.715
03/22/2022,$13.92,535941,$13.01,$14.30,$12.75
03/21/2022,$12.93,637048,$12.13,$13.31,$12.02
03/18/2022,$11.99,374803,$11.42,$12.05,$11.38
03/17/2022,$11.42,219669,$11.57,$11.70,$11.1391
03/16/2022,$11.35,142938,$10.63,$11.42,$10.46
03/15/2022,$10.46,93869,$10.50,$10.7165,$10.02
03/14/2022,$10.61,173724,$11.21,$11.23,$10.20
03/11/2022,$11.08,114745,$11.05,$11.54,$10.90
03/10/2022,$11.03,111350,$10.83,$11.04,$10.3801
03/09/2022,$10.83,184517,$11.00,$11.21,$10.78
03/08/2022,$10.89,178433,$11.00,$11.11,$10.50
03/07/2022,$11.21,143425,$11.09,$11.21,$10.73
03/04/2022,$11.05,140401,$11.03,$11.25,$10.87
03/03/2022,$11.16,142533,$11.40,$11.5189,$10.69
03/02/2022,$11.35,259449,$11.29,$11.53,$11.25
03/01/2022,$11.17,651011,$11.14,$11.40,$10.87
02/28/2022,$11.06,252265,$10.68,$11.10,$10.55
02/25/2022,$10.49,184588,$10.01,$10.5299,$9.6139
02/24/2022,$9.84,275191,$9.05,$10.4691,$8.76
02/23/2022,$9.52,132041,$9.99,$10.1399,$9.48
02/22/2022,$9.83,145847,$9.48,$10.40,$9.46
02/18/2022,$9.67,89682,$9.80,$9.81,$9.43
02/17/2022,$9.77,121558,$10.05,$10.14,$9.68
02/16/2022,$10.25,118613,$10.70,$10.7199,$10.12
02/15/2022,$10.60,237353,$10.11,$10.69,$9.88
02/14/2022,$9.81,233486,$10.39,$10.41,$9.23
02/11/2022,$10.42,82133,$10.63,$10.76,$10.0761
02/10/2022,$10.67,219345,$10.38,$10.83,$10.31
02/09/2022,$10.47,184595,$10.61,$10.80,$10.38
02/08/2022,$10.59,205395,$10.53,$10.70,$10.41
02/07/2022,$10.72,159314,$10.46,$10.99,$10.15
02/04/2022,$10.27,104623,$10.12,$10.45,$9.82
02/03/2022,$10.00,61559,$10.25,$10.39,$9.87
02/02/2022,$10.32,304698,$10.20,$10.62,$10.12
02/01/2022,$10.04,95461,$9.64,$10.09,$9.5211
01/31/2022,$9.63,86737,$9.73,$9.73,$9.2601
01/28/2022,$9.66,250805,$8.97,$9.78,$8.86
01/27/2022,$8.78,199015,$9.53,$9.53,$8.50
01/26/2022,$9.46,129022,$9.24,$9.74,$9.24
01/25/2022,$9.20,109285,$9.30,$9.3198,$8.78
01/24/2022,$9.28,317494,$9.23,$9.43,$8.39
01/21/2022,$9.73,209628,$10.10,$10.21,$9.50
01/20/2022,$10.18,217931,$10.02,$10.45,$10.00
01/19/2022,$10.25,152610,$10.65,$10.814,$10.08
01/18/2022,$10.73,199035,$10.77,$10.8699,$10.3862
01/14/2022,$10.68,352515,$10.99,$11.0799,$10.33
01/13/2022,$11.10,302323,$11.34,$11.60,$11.00
01/12/2022,$11.35,636209,$12.02,$12.30,$11.05
01/11/2022,$11.15,291388,$11.28,$11.415,$10.7307
01/10/2022,$11.30,517266,$11.46,$12.11,$11.20
01/07/2022,$11.13,601747,$10.46,$11.53,$10.40
01/06/2022,$10.35,330872,$10.00,$10.39,$9.96
01/05/2022,$9.75,104886,$9.65,$10.15,$9.51
01/04/2022,$9.61,277531,$10.35,$10.63,$9.53
01/03/2022,$10.57,215652,$10.61,$10.70,$10.24
12/31/2021,$10.41,116345,$10.35,$10.52,$9.94
12/30/2021,$10.32,197770,$10.04,$10.52,$9.8363
12/29/2021,$10.10,186708,$9.78,$10.17,$9.78
12/28/2021,$9.75,136503,$10.11,$10.13,$9.501
12/27/2021,$10.06,83637,$10.14,$10.14,$9.8001
12/23/2021,$10.06,49923,$10.14,$10.14,$9.8001
12/22/2021,$9.73,55923,$9.83,$9.91,$9.60
12/21/2021,$9.80,52824,$10.00,$10.00,$9.70
12/20/2021,$9.94,179209,$10.00,$10.03,$9.61
12/17/2021,$10.11,277530,$10.02,$10.67,$10.00
12/16/2021,$10.08,60158,$9.95,$10.1925,$9.9303
12/15/2021,$9.83,329217,$9.33,$9.90,$9.03
12/14/2021,$9.30,632581,$9.06,$9.34,$8.90
12/13/2021,$9.18,127008,$10.25,$10.25,$9.04
12/10/2021,$10.12,193443,$9.70,$10.73,$9.70
12/09/2021,$9.67,100466,$9.34,$9.73,$9.33
12/08/2021,$9.34,46154,$9.15,$9.40,$9.02
12/07/2021,$9.02,89228,$8.81,$9.06,$8.81
12/06/2021,$8.69,135055,$9.00,$9.00,$8.51
12/03/2021,$9.07,271819,$9.44,$9.44,$8.56
12/02/2021,$9.37,71056,$9.69,$9.69,$9.27
12/01/2021,$9.40,102295,$9.42,$9.669,$9.27
11/30/2021,$9.35,239222,$9.40,$9.56,$8.82
11/29/2021,$9.40,189254,$9.50,$9.69,$9.36
11/26/2021,$9.69,37940,$9.54,$9.85,$9.5001
11/24/2021,$9.75,214573,$9.84,$9.88,$9.06
11/23/2021,$9.83,155253,$10.01,$10.0957,$9.63
11/22/2021,$10.00,269865,$9.65,$10.30,$9.63
11/19/2021,$9.40,122635,$9.50,$9.50,$9.22
11/18/2021,$9.49,126164,$9.15,$9.4995,$8.95
11/17/2021,$9.11,76511,$8.94,$9.12,$8.83
11/16/2021,$9.04,47689,$9.27,$9.27,$8.82
11/15/2021,$9.07,43147,$9.21,$9.32,$8.90
11/12/2021,$9.21,67639,$9.30,$9.30,$9.00
11/11/2021,$9.20,56181,$9.17,$9.20,$9.01
11/10/2021,$9.09,103577,$9.25,$9.41,$8.7403
11/09/2021,$9.38,52806,$9.64,$9.66,$9.22
11/08/2021,$9.55,203885,$9.50,$9.75,$9.4201
11/05/2021,$9.32,204466,$9.72,$9.97,$9.02
11/04/2021,$9.50,198699,$8.51,$9.50,$8.51
11/03/2021,$8.57,26725,$8.41,$8.5999,$8.24
11/02/2021,$8.46,110475,$8.76,$8.76,$8.30
11/01/2021,$8.56,98182,$8.77,$8.81,$8.10
10/29/2021,$8.50,144113,$8.42,$8.57,$8.00
10/28/2021,$8.54,59766,$8.69,$8.69,$8.4014
10/27/2021,$8.68,109629,$8.94,$8.94,$7.8509
10/26/2021,$8.79,218242,$9.07,$9.07,$8.07
10/25/2021,$9.07,118223,$9.15,$9.29,$8.77
10/22/2021,$9.19,114236,$9.41,$9.48,$8.75
10/21/2021,$9.30,74847,$9.67,$9.7925,$9.20
10/20/2021,$9.70,85352,$9.65,$9.82,$9.62
10/19/2021,$9.60,47339,$9.71,$9.71,$9.46
10/18/2021,$9.60,162285,$9.55,$9.65,$9.12
10/15/2021,$9.56,273901,$9.67,$9.74,$9.45
10/14/2021,$9.48,128406,$9.54,$9.71,$9.43
10/13/2021,$9.13,173444,$9.63,$9.97,$9.1026
10/12/2021,$9.41,287789,$9.24,$9.77,$9.02
10/11/2021,$9.20,138530,$9.08,$9.7822,$8.855
10/08/2021,$9.20,75099,$9.08,$9.7822,$8.855
10/07/2021,$8.70,51389,$8.82,$8.82,$8.50
10/06/2021,$8.47,36383,$8.75,$8.75,$8.30
10/05/2021,$8.60,95251,$8.69,$8.75,$8.42
10/04/2021,$8.42,30638,$8.47,$8.73,$8.39
10/01/2021,$8.80,33210,$8.38,$8.80,$8.35
09/30/2021,$8.38,54373,$8.23,$8.77,$8.20
09/29/2021,$8.03,10692,$7.99,$8.0502,$7.85
09/28/2021,$8.16,34265,$8.33,$8.33,$7.35
09/27/2021,$8.33,13989,$8.41,$8.41,$8.2558
09/24/2021,$8.25,22840,$8.93,$8.93,$7.90
09/23/2021,$8.21,19385,$8.17,$8.39,$7.828
09/22/2021,$7.87,11883,$8.10,$8.10,$7.86
09/21/2021,$7.96,23450,$7.93,$8.00,$7.67
09/20/2021,$7.60,41454,$8.14,$8.14,$6.96
09/17/2021,$8.00,15156,$8.00,$8.075,$7.90
09/16/2021,$7.8842,15451,$7.90,$7.90,$7.80
09/15/2021,$7.90,17847,$8.00,$8.00,$7.78
09/14/2021,$8.00,37129,$8.10,$8.10,$7.87
09/13/2021,$8.10,36779,$8.05,$8.2184,$8.0001
09/10/2021,$8.00,2884,$8.059,$8.11,$8.00
09/09/2021,$7.97,11628,$8.075,$8.0899,$7.9048
09/08/2021,$8.0816,13543,$7.69,$8.09,$7.69
09/07/2021,$7.8372,2924,$7.9089,$7.91,$7.8372
09/03/2021,$7.831,1575,$7.7494,$7.831,$7.7435
09/02/2021,$7.73,11705,$7.846,$7.846,$7.6819
09/01/2021,$7.78,13209,$7.839,$7.94,$7.78
08/31/2021,$7.77,8459,$7.42,$7.8186,$7.42
08/30/2021,$7.4248,1193,$7.5566,$7.5566,$7.42
08/27/2021,$7.28,916,$7.35,$7.35,$7.243
08/26/2021,$7.20,2365,$7.2584,$7.2584,$7.20
08/25/2021,$7.1775,5311,$7.0926,$7.31,$7.0926
08/24/2021,$7.05,10848,$7.1299,$7.1299,$6.95
08/23/2021,$7.1072,300,$7.1072,$7.1072,$7.1072
08/20/2021,$6.858,1862,$6.88,$6.88,$6.858
08/19/2021,$6.71,9111,$6.9044,$6.9081,$6.1741
08/18/2021,$7.282,2070,$7.3087,$7.32,$7.1305
08/17/2021,$7.46,10949,$7.4869,$7.4869,$6.8333
08/16/2021,$7.56,5377,$7.585,$7.64,$7.56
08/13/2021,$7.71,3937,$7.7889,$7.80,$7.635
08/12/2021,$7.954,11283,$8.1841,$8.1921,$7.954
08/11/2021,$7.97,11685,$8.22,$8.5056,$7.97
08/10/2021,$7.87,2006,$7.5944,$7.87,$7.4819
08/09/2021,$7.56,18564,$7.775,$7.98,$7.00
08/06/2021,$6.815,8516,$6.60,$6.86,$6.60
08/05/2021,$6.44,421,$6.43,$6.44,$6.43
08/04/2021,$6.22,8317,$6.385,$6.40,$6.22
08/03/2021,$6.38,346,$6.38,$6.38,$6.38
08/02/2021,$6.45,1359,$7.47,$7.47,$6.45
07/30/2021,$6.04,5579,$5.952,$6.05,$5.90
07/29/2021,$5.782,1782,$5.70,$5.7971,$5.70
07/28/2021,$5.50,18595,$5.351,$5.60,$5.35
07/27/2021,$5.30,5419,$5.4021,$5.4021,$5.30
07/26/2021,$5.35,1702,$5.32,$5.35,$5.32
07/23/2021,$5.37,962,$5.24,$5.4605,$5.24
07/22/2021,$5.3776,601,$5.3776,$5.3776,$5.3776
07/21/2021,$5.3488,6663,$5.40,$5.42,$5.3488
07/20/2021,$5.4039,5318,$5.34,$5.4039,$5.34
07/19/2021,$5.2508,3252,$5.24,$5.3227,$5.2156
07/16/2021,$5.37,4543,$5.60,$5.60,$5.37
07/15/2021,$5.3238,1799,$5.267,$5.37,$5.2615
07/14/2021,$5.37,750,$5.427,$5.43,$5.37
07/13/2021,$5.185,3623,$5.182,$5.20,$5.175
07/12/2021,$5.1494,2078,$4.89,$5.19,$4.89
07/09/2021,$5.1045,N/A,$5.1045,$5.1045,$5.1045
07/08/2021,$5.1045,1200,$5.18,$5.18,$5.1045
07/07/2021,$5.18,2287,$5.199,$5.2098,$5.18
07/06/2021,$5.39,1190,$5.2627,$5.39,$5.2627
07/02/2021,$5.355,493,$5.355,$5.355,$5.355
07/01/2021,$5.48,7447,$5.45,$5.51,$5.03
06/30/2021,$5.32,2267,$5.31,$5.32,$5.31
06/29/2021,$5.29,8498,$5.428,$5.4739,$5.27
06/28/2021,$5.2738,1369,$5.0784,$5.2738,$5.0784
06/25/2021,$5.17,2150,$5.1393,$5.1794,$5.1104
06/24/2021,$4.89,430,$4.9699,$4.9699,$4.89
06/23/2021,$4.925,100,$4.925,$4.925,$4.925
06/22/2021,$4.7159,1200,$4.7425,$4.75,$4.7159
06/21/2021,$4.69,5877,$4.69,$4.6926,$4.64
06/18/2021,$4.63,1580,$4.6225,$4.631,$4.5997
06/17/2021,$4.6495,13713,$4.85,$4.85,$4.615
06/16/2021,$4.8148,2480,$4.9746,$4.9746,$4.8148
06/15/2021,$4.93,4238,$4.924,$4.97,$4.84
06/14/2021,$4.90,6801,$5.00,$5.00,$4.8587
06/11/2021,$4.9393,5450,$4.9962,$4.9966,$4.9393
06/10/2021,$5.09,3770,$5.00,$5.09,$5.00
06/09/2021,$5.00,2262,$5.1763,$5.1763,$4.96
06/08/2021,$4.8778,17010,$5.18,$5.2927,$4.8778
06/07/2021,$5.18,10177,$5.3047,$5.39,$5.1772
06/04/2021,$5.10,6480,$5.25,$5.25,$5.10
06/03/2021,$4.8375,5052,$5.15,$5.15,$4.8375
06/02/2021,$5.0947,24135,$4.77,$5.1596,$4.64
06/01/2021,$4.6859,2560,$4.7084,$4.7084,$4.65
05/28/2021,$4.61,2300,$4.506,$4.61,$4.48
05/27/2021,$4.4817,803,$4.4571,$4.4817,$4.4571
05/26/2021,$4.469,4970,$4.48,$4.50,$4.38
05/25/2021,$4.4757,12032,$4.67,$4.67,$4.4685
05/24/2021,$5.02,3550,$4.51,$5.035,$4.425
05/21/2021,$5.02,15749,$4.51,$5.035,$4.425
05/20/2021,$4.531,2830,$4.43,$4.69,$4.3994
05/19/2021,$4.54,13130,$4.72,$4.72,$4.2316
05/18/2021,$4.68,3917,$4.7785,$4.7785,$4.65
05/17/2021,$4.74,9861,$4.8768,$5.00,$4.68
05/14/2021,$4.8127,14721,$4.7925,$4.91,$4.75
05/13/2021,$4.7157,2185,$4.776,$4.814,$4.6895
05/12/2021,$4.82,6794,$4.80,$4.82,$4.755
05/11/2021,$4.68,1675,$4.585,$4.68,$4.58
05/10/2021,$4.4648,5034,$4.4578,$4.6974,$4.4578
05/07/2021,$4.3686,121260,$4.1854,$4.37,$4.1854
05/06/2021,$4.1963,15300,$4.175,$4.28,$4.1137
05/05/2021,$4.172,9686,$4.197,$4.21,$4.16
05/04/2021,$4.14,1726,$4.16,$4.16,$4.14
05/03/2021,$4.212,1718,$4.16,$4.212,$4.16
04/30/2021,$4.15,174,$4.15,$4.15,$4.15
04/29/2021,$4.1563,11018,$4.15,$4.1563,$4.15
04/28/2021,$4.1315,300,$4.1315,$4.1315,$4.1315
04/27/2021,$4.15,5676,$4.14,$4.16,$4.12
04/26/2021,$4.16,17324,$4.1092,$4.16,$4.0914
04/23/2021,$4.0444,1161,$4.10,$4.10,$4.0444
04/22/2021,$4.10,2007,$4.086,$4.1275,$4.086
04/21/2021,$4.03,23090,$4.0386,$4.04,$4.0297
04/20/2021,$4.03,3050,$4.013,$4.0337,$4.01
04/19/2021,$3.98,175,$3.98,$3.98,$3.98
04/16/2021,$4.0015,84917,$3.935,$4.0015,$3.84
04/15/2021,$4.00,4679,$3.9418,$4.00,$3.9418
04/14/2021,$3.9715,1074,$3.95,$3.99,$3.95
04/13/2021,$3.9254,2205,$3.90,$3.9781,$3.90
04/12/2021,$3.9975,N/A,$3.9975,$3.9975,$3.9975
04/09/2021,$3.9975,1263,$4.063,$4.063,$3.9975
04/08/2021,$4.1061,253,$4.1061,$4.1061,$4.1061
04/07/2021,$4.10,521,$4.10,$4.10,$4.10
04/06/2021,$4.08,N/A,$4.08,$4.08,$4.08
04/05/2021,$4.08,4001,$4.11,$4.15,$4.08
04/01/2021,$4.10,6155,$4.1219,$4.1219,$4.00
03/31/2021,$4.025,251,$4.025,$4.025,$4.025
03/30/2021,$4.00,833,$4.00,$4.00,$3.96
03/29/2021,$4.00,3011,$4.00,$4.00,$4.00
03/26/2021,$3.9651,N/A,$3.9651,$3.9651,$3.9651
03/25/2021,$3.9651,307,$3.9651,$3.9651,$3.9651
03/24/2021,$4.0101,N/A,$4.0101,$4.0101,$4.0101
03/23/2021,$4.0101,1067,$4.0712,$4.0712,$4.0101
03/22/2021,$4.12,1540,$4.15,$4.15,$4.12
03/19/2021,$4.14,1351,$4.14,$4.15,$4.121
03/18/2021,$4.114,155,$4.114,$4.114,$4.114
03/17/2021,$4.15,12100,$4.0484,$4.15,$4.0484
03/16/2021,$4.0286,152,$4.0286,$4.0286,$4.0286
03/15/2021,$4.048,716,$4.15,$4.15,$4.0075
03/12/2021,$4.12,12416,$3.9685,$4.12,$3.9685
03/11/2021,$3.9017,43722,$3.8939,$4.0669,$3.8939
03/10/2021,$3.71,7075,$3.92,$3.92,$3.6703
03/09/2021,$3.8755,10731,$3.9153,$3.9559,$3.8485
03/08/2021,$3.8887,10382,$3.8698,$3.9955,$3.8528
03/05/2021,$3.81,4102,$3.8436,$3.8562,$3.7052
03/04/2021,$3.85,1815,$3.988,$3.988,$3.82
03/03/2021,$3.9808,11006,$4.07,$4.07,$3.9808
03/02/2021,$4.0141,2382,$4.039,$4.0469,$3.9833
03/01/2021,$3.9806,13311,$4.00,$4.0258,$3.9806
02/26/2021,$4.02,239,$3.988,$4.02,$3.988
02/25/2021,$4.20,11686,$4.01,$4.20,$3.93
02/24/2021,$3.948,1101,$3.85,$3.948,$3.8395
02/23/2021,$3.59,14526,$4.0707,$4.0707,$3.59
02/22/2021,$4.20,3309,$3.93,$4.20,$3.93
02/19/2021,$3.7284,3039,$3.75,$3.79,$3.7284
02/18/2021,$3.76,1893,$3.717,$3.79,$3.692
02/17/2021,$3.81,1751,$3.8557,$3.8557,$3.81
02/16/2021,$3.7886,4296,$3.9971,$4.09,$3.7886
02/12/2021,$3.94,13688,$4.011,$4.08,$3.84
02/11/2021,$4.05,10407,$4.23,$4.23,$4.0384
02/10/2021,$4.20,6212,$4.217,$4.22,$4.18
02/09/2021,$4.20,22813,$4.1267,$4.20,$4.0553
02/08/2021,$4.09,12671,$3.87,$4.09,$3.87
02/05/2021,$3.76,14823,$3.6861,$4.20,$3.6067
02/04/2021,$3.6174,22305,$3.40,$3.6174,$3.40
02/03/2021,$3.41,6020,$3.40,$3.41,$3.3885
02/02/2021,$3.3619,7623,$3.2656,$3.3619,$3.2656
02/01/2021,$3.1959,4647,$3.35,$3.35,$3.19
01/29/2021,$3.351,1653,$3.2588,$3.351,$3.2588
01/28/2021,$3.199,9873,$3.1248,$3.199,$3.0163
01/27/2021,$3.1633,40505,$3.42,$3.42,$3.0975
01/26/2021,$3.33,27748,$3.38,$3.38,$3.12
01/25/2021,$3.34,7600,$3.20,$3.42,$3.20
01/22/2021,$3.194,13691,$3.16,$3.21,$3.12
01/21/2021,$3.26,3376,$3.3274,$3.3353,$3.26
01/20/2021,$3.3621,49434,$3.10,$3.40,$3.0615
01/19/2021,$3.067,2141,$3.17,$3.17,$3.067
01/15/2021,$3.1145,2539,$3.1829,$3.3008,$3.1145
01/14/2021,$3.0542,1209,$2.81,$3.15,$2.81
01/13/2021,$2.9091,12358,$3.1429,$3.1519,$2.85
01/12/2021,$3.14,9606,$3.25,$3.30,$3.14
01/11/2021,$3.14,1471,$2.8142,$3.2004,$2.8142
01/08/2021,$2.7722,14466,$3.00,$3.03,$2.7722
01/07/2021,$2.7834,3451,$2.8314,$2.98,$2.7758
01/06/2021,$2.74,997,$2.8437,$2.8437,$2.74
01/05/2021,$2.90,11368,$3.0055,$3.0062,$2.88
01/04/2021,$2.7394,2073,$2.50,$2.77,$2.4565
12/31/2020,$2.35,90012,$2.3503,$2.3607,$2.35
12/30/2020,$2.1457,133,$2.1457,$2.1457,$2.1457
12/29/2020,$2.05,1177,$2.1191,$2.1191,$2.05
12/28/2020,$2.23,N/A,$2.23,$2.23,$2.23
12/24/2020,$2.23,202,$2.23,$2.35,$2.11
12/23/2020,$2.2546,3159,$2.15,$2.2546,$2.15
12/22/2020,$2.0902,3252,$2.05,$2.0902,$2.05
12/21/2020,$2.0967,1222,$2.36,$2.36,$2.0967
12/18/2020,$2.1433,1056,$2.0339,$2.15,$2.0339
12/17/2020,$1.8972,2307,$1.9435,$1.9435,$1.8972
12/16/2020,$1.9316,N/A,$1.9316,$1.9316,$1.9316
12/15/2020,$1.9316,1301,$1.9055,$1.9316,$1.9055
12/14/2020,$1.927,4402,$2.05,$2.08,$1.927
12/11/2020,$2.0377,8953,$2.1112,$2.1112,$2.0377
12/10/2020,$2.05,49033,$2.18,$2.18,$2.0401
12/09/2020,$2.19,1002,$2.1822,$2.19,$2.1822
12/08/2020,$2.1774,26913,$2.078,$2.1774,$2.078
12/07/2020,$2.0962,955,$2.0962,$2.0962,$2.0962
12/04/2020,$1.94,28267,$1.94,$1.9619,$1.835
12/03/2020,$1.95,13170,$1.9732,$1.9732,$1.95
12/02/2020,$2.0197,103,$2.0197,$2.0197,$2.0197
12/01/2020,$2.01,1716,$1.99,$2.01,$1.96
11/30/2020,$2.00,2310,$2.00,$2.02,$1.9763
11/27/2020,$2.045,103,$2.045,$2.045,$2.045
11/25/2020,$1.8931,10902,$1.9443,$1.9443,$1.68
11/24/2020,$1.92,N/A,$1.92,$1.92,$1.92
11/23/2020,$1.92,N/A,$1.92,$1.92,$1.92
11/20/2020,$1.92,428,$1.92,$1.92,$1.92
11/19/2020,$2.0426,N/A,$2.0426,$2.0426,$2.0426
11/18/2020,$2.0426,N/A,$2.0426,$2.0426,$2.0426
11/17/2020,$2.0426,652,$2.05,$2.05,$2.0426
11/16/2020,$2.054,5304,$1.9585,$2.054,$1.9585
11/13/2020,$2.0273,8154,$1.9477,$2.0284,$1.945
11/12/2020,$1.9999,N/A,$1.9999,$1.9999,$1.9999
11/11/2020,$1.9999,200,$2.00,$2.00,$1.9999
11/10/2020,$1.975,N/A,$1.975,$1.975,$1.975
11/09/2020,$1.975,5005,$1.975,$1.975,$1.975
11/06/2020,$1.9089,404,$1.9952,$1.9952,$1.9089
11/05/2020,$2.0379,N/A,$2.0379,$2.0379,$2.0379
11/04/2020,$2.0379,N/A,$2.0379,$2.0379,$2.0379
11/03/2020,$2.0379,N/A,$2.0379,$2.0379,$2.0379
11/02/2020,$2.0379,N/A,$2.0379,$2.0379,$2.0379
10/30/2020,$2.0379,1511,$1.90,$2.0384,$1.8153
10/29/2020,$2.0227,358,$2.0224,$2.023,$2.0224
10/28/2020,$2.10,N/A,$2.10,$2.10,$2.10
10/27/2020,$2.10,1354,$2.1179,$2.1179,$2.10
10/26/2020,$2.1322,27724,$2.094,$2.1322,$2.094
10/23/2020,$2.1078,345,$2.1078,$2.1078,$2.1078
10/22/2020,$2.10,429,$2.0991,$2.10,$2.0991
10/21/2020,$2.056,232,$2.10,$2.10,$2.056
10/20/2020,$2.0976,166,$2.0976,$2.0976,$2.0976
10/19/2020,$2.10,204,$1.91,$2.10,$1.91
10/16/2020,$1.9399,1015,$1.9399,$1.9399,$1.9399
10/15/2020,$1.895,2107,$2.00,$2.00,$1.895
10/14/2020,$1.9892,1315,$1.85,$2.25,$1.85
10/13/2020,$1.79,1111,$2.19,$2.23,$1.79
10/12/2020,$2.23,1440,$2.19,$2.23,$2.19
10/09/2020,$2.19,4727,$2.054,$2.19,$1.92
10/08/2020,$2.00,4719,$2.00,$2.00,$2.00
10/07/2020,$2.00,2826,$2.0414,$2.15,$1.9831
10/06/2020,$1.965,10449,$1.9996,$2.0071,$1.965
10/05/2020,$1.998,150,$1.998,$1.998,$1.998
10/02/2020,$1.9952,12600,$2.00,$2.06,$1.9952
10/01/2020,$1.8711,N/A,$1.8711,$1.8711,$1.8711
09/30/2020,$1.8711,601,$1.8711,$1.8711,$1.8711
09/29/2020,$1.829,359,$1.829,$1.829,$1.829
09/28/2020,$1.8038,4210,$1.90,$1.90,$1.8038
09/25/2020,$1.75,200,$1.7393,$1.75,$1.7393
09/24/2020,$1.54,N/A,$1.54,$1.54,$1.54
09/23/2020,$1.54,7346,$1.61,$1.61,$1.50
09/22/2020,$1.70,N/A,$1.70,$1.70,$1.70
09/21/2020,$1.70,N/A,$1.70,$1.70,$1.70
09/18/2020,$1.70,100,$1.70,$1.70,$1.70
09/17/2020,$1.70,1125,$1.70,$1.70,$1.70
09/16/2020,$1.66,740,$1.7137,$1.7137,$1.66
09/15/2020,$1.71,N/A,$1.71,$1.71,$1.71
09/14/2020,$1.71,2310,$1.71,$1.71,$1.71
09/11/2020,$1.70,N/A,$1.70,$1.70,$1.70
09/10/2020,$1.70,N/A,$1.70,$1.70,$1.70
09/09/2020,$1.70,20300,$1.70,$1.70,$1.70
09/08/2020,$1.7124,620,$1.99,$1.99,$1.7124
09/04/2020,$1.70,5860,$1.7407,$1.7407,$1.70
09/03/2020,$1.71,6708,$1.852,$1.852,$1.71
09/02/2020,$1.90,13657,$2.05,$2.05,$1.8367
09/01/2020,$1.70,14270,$1.85,$1.85,$1.70
08/31/2020,$1.70,7209,$1.70,$1.70,$1.70
08/28/2020,$1.70,27000,$1.70,$1.7171,$1.675
08/27/2020,$1.70,N/A,$1.70,$1.70,$1.70
08/26/2020,$1.70,33457,$1.70,$1.70,$1.68
08/25/2020,$1.76,N/A,$1.76,$1.76,$1.76
08/24/2020,$1.76,10345,$1.8604,$1.8604,$1.76
08/21/2020,$1.8937,N/A,$1.8937,$1.8937,$1.8937
08/20/2020,$1.8937,N/A,$1.8937,$1.8937,$1.8937
08/19/2020,$1.8937,3096,$1.86,$1.8968,$1.68
08/18/2020,$1.8935,425,$1.7722,$1.8935,$1.7722
08/17/2020,$1.7424,2000,$1.7424,$1.7424,$1.7424
08/14/2020,$1.80,200,$1.925,$1.925,$1.80
08/13/2020,$1.774,N/A,$1.774,$1.774,$1.774
08/12/2020,$1.774,500,$1.7703,$1.774,$1.7703
08/11/2020,$1.7109,N/A,$1.7109,$1.7109,$1.7109
08/10/2020,$1.7109,N/A,$1.7109,$1.7109,$1.7109
08/07/2020,$1.7109,4000,$1.96,$1.96,$1.7109
08/06/2020,$1.85,N/A,$1.85,$1.85,$1.85
08/05/2020,$1.85,N/A,$1.85,$1.85,$1.85
08/04/2020,$1.85,1200,$1.814,$1.85,$1.814
08/03/2020,$1.84,N/A,$1.84,$1.84,$1.84
07/31/2020,$1.84,5319,$1.84,$1.95,$1.73
07/30/2020,$1.6216,4425,$1.678,$1.678,$1.6215
07/29/2020,$1.88,1263,$1.75,$1.88,$1.75
07/28/2020,$1.787,N/A,$1.787,$1.787,$1.787
07/27/2020,$1.787,2990,$1.86,$1.86,$1.787
07/24/2020,$1.8624,1700,$2.00,$2.10,$1.8624
07/23/2020,$1.9938,3000,$1.8134,$1.9938,$1.8134
07/22/2020,$1.7943,1000,$1.7943,$1.7943,$1.7943
07/21/2020,$1.8733,600,$1.8733,$1.8733,$1.8733
07/20/2020,$1.6037,135,$1.6037,$1.6037,$1.6037
07/17/2020,$1.5841,2407,$1.5463,$3.3399,$1.5463
07/16/2020,$1.4425,N/A,$1.4425,$1.4425,$1.4425
07/15/2020,$1.4425,200,$1.4425,$1.4425,$1.4425
07/14/2020,$1.4653,N/A,$1.4653,$1.4653,$1.4653
07/13/2020,$1.4653,N/A,$1.4653,$1.4653,$1.4653
07/10/2020,$1.4653,500,$1.4653,$1.4653,$1.4653
07/09/2020,$1.3241,1000,$1.3241,$1.3241,$1.3241
07/08/2020,$1.30,N/A,$1.30,$1.30,$1.30
07/07/2020,$1.30,N/A,$1.30,$1.30,$1.30
07/06/2020,$1.30,1900,$1.3028,$1.3028,$1.30
07/02/2020,$1.2976,1926,$1.1888,$1.30,$1.1888
07/01/2020,$1.145,N/A,$1.145,$1.145,$1.145
06/30/2020,$1.145,4613,$1.145,$1.26,$1.03
06/29/2020,$1.1961,N/A,$1.1961,$1.1961,$1.1961
06/26/2020,$1.1961,N/A,$1.1961,$1.1961,$1.1961
06/25/2020,$1.1961,N/A,$1.1961,$1.1961,$1.1961
06/24/2020,$1.1961,N/A,$1.1961,$1.1961,$1.1961
06/23/2020,$1.1961,2500,$1.1961,$1.1961,$1.1961
06/22/2020,$1.1451,2502,$1.1451,$1.1451,$1.1451
06/19/2020,$1.1515,2640,$1.19,$1.19,$1.1515
06/18/2020,$1.1876,950,$1.1876,$1.1876,$1.1876
06/17/2020,$1.173,1500,$1.1795,$1.1901,$1.1722
06/16/2020,$1.1137,N/A,$1.1137,$1.1137,$1.1137
06/15/2020,$1.1137,N/A,$1.1137,$1.1137,$1.1137
06/12/2020,$1.1137,N/A,$1.1137,$1.1137,$1.1137
06/11/2020,$1.1137,N/A,$1.1137,$1.1137,$1.1137
06/10/2020,$1.1137,N/A,$1.1137,$1.1137,$1.1137
06/09/2020,$1.1137,300,$1.263,$1.263,$1.1137
06/08/2020,$1.0601,N/A,$1.0601,$1.0601,$1.0601
06/05/2020,$1.0601,N/A,$1.0601,$1.0601,$1.0601
06/04/2020,$1.0601,N/A,$1.0601,$1.0601,$1.0601
06/03/2020,$1.0601,N/A,$1.0601,$1.0601,$1.0601
06/02/2020,$1.0601,N/A,$1.0601,$1.0601,$1.0601
06/01/2020,$1.0601,N/A,$1.0601,$1.0601,$1.0601
05/29/2020,$1.0601,N/A,$1.0601,$1.0601,$1.0601
05/28/2020,$1.0601,N/A,$1.0601,$1.0601,$1.0601
05/27/2020,$1.0601,N/A,$1.0601,$1.0601,$1.0601
05/26/2020,$1.0601,N/A,$1.0601,$1.0601,$1.0601
05/22/2020,$1.0601,N/A,$1.0601,$1.0601,$1.0601
05/21/2020,$1.0601,N/A,$1.0601,$1.0601,$1.0601
05/20/2020,$1.0601,N/A,$1.0601,$1.0601,$1.0601
05/19/2020,$1.0601,N/A,$1.0601,$1.0601,$1.0601
05/18/2020,$1.0601,N/A,$1.0601,$1.0601,$1.0601
05/15/2020,$1.0601,N/A,$1.0601,$1.0601,$1.0601
05/14/2020,$1.0601,N/A,$1.0601,$1.0601,$1.0601
05/13/2020,$1.0601,N/A,$1.0601,$1.0601,$1.0601
05/12/2020,$1.0601,N/A,$1.0601,$1.0601,$1.0601
05/11/2020,$1.0601,N/A,$1.0601,$1.0601,$1.0601
05/08/2020,$1.0601,N/A,$1.0601,$1.0601,$1.0601
05/07/2020,$1.0601,N/A,$1.0601,$1.0601,$1.0601
05/06/2020,$1.0601,N/A,$1.0601,$1.0601,$1.0601
05/05/2020,$1.0601,N/A,$1.0601,$1.0601,$1.0601
05/04/2020,$1.0601,N/A,$1.0601,$1.0601,$1.0601
05/01/2020,$1.0601,N/A,$1.0601,$1.0601,$1.0601
04/30/2020,$1.0601,N/A,$1.0601,$1.0601,$1.0601
04/29/2020,$1.0601,1000,$1.2206,$1.2209,$1.0601
04/28/2020,$1.21,N/A,$1.21,$1.21,$1.21
04/27/2020,$1.21,N/A,$1.21,$1.21,$1.21
04/24/2020,$1.21,N/A,$1.21,$1.21,$1.21
04/23/2020,$1.21,N/A,$1.21,$1.21,$1.21
04/22/2020,$1.21,N/A,$1.21,$1.21,$1.21
04/21/2020,$1.21,N/A,$1.21,$1.21,$1.21
04/20/2020,$1.21,N/A,$1.21,$1.21,$1.21
04/17/2020,$1.21,N/A,$1.21,$1.21,$1.21
04/16/2020,$1.21,N/A,$1.21,$1.21,$1.21
04/15/2020,$1.21,N/A,$1.21,$1.21,$1.21
04/14/2020,$1.21,N/A,$1.21,$1.21,$1.21
04/13/2020,$1.21,N/A,$1.21,$1.21,$1.21
04/09/2020,$1.21,200,$1.21,$1.21,$1.21
04/08/2020,$1.21,N/A,$1.21,$1.21,$1.21
04/07/2020,$1.21,N/A,$1.21,$1.21,$1.21
04/06/2020,$1.21,N/A,$1.21,$1.21,$1.21
04/03/2020,$1.21,N/A,$1.21,$1.21,$1.21
04/02/2020,$1.21,N/A,$1.21,$1.21,$1.21
04/01/2020,$1.21,N/A,$1.21,$1.21,$1.21
03/31/2020,$1.21,N/A,$1.21,$1.21,$1.21
03/30/2020,$1.21,N/A,$1.21,$1.21,$1.21
03/27/2020,$1.21,N/A,$1.21,$1.21,$1.21
03/26/2020,$1.21,N/A,$1.21,$1.21,$1.21
03/25/2020,$1.21,N/A,$1.21,$1.21,$1.21
03/24/2020,$1.21,N/A,$1.21,$1.21,$1.21
03/23/2020,$1.21,300,$1.2431,$1.2431,$1.21
03/20/2020,$1.254,N/A,$1.254,$1.254,$1.254
03/19/2020,$1.254,500,$1.254,$1.254,$1.254
03/18/2020,$1.42,N/A,$1.42,$1.42,$1.42
03/17/2020,$1.42,N/A,$1.42,$1.42,$1.42
03/16/2020,$1.42,N/A,$1.42,$1.42,$1.42
03/13/2020,$1.42,N/A,$1.42,$1.42,$1.42
03/12/2020,$1.42,N/A,$1.42,$1.42,$1.42
03/11/2020,$1.42,N/A,$1.42,$1.42,$1.42
03/10/2020,$1.42,N/A,$1.42,$1.42,$1.42
03/09/2020,$1.42,450,$1.42,$1.42,$1.42
03/06/2020,$1.483,N/A,$1.483,$1.483,$1.483
03/05/2020,$1.483,N/A,$1.483,$1.483,$1.483
03/04/2020,$1.483,N/A,$1.483,$1.483,$1.483
03/03/2020,$1.483,N/A,$1.483,$1.483,$1.483
03/02/2020,$1.483,3550,$1.483,$1.483,$1.483
02/28/2020,$1.37,N/A,$1.37,$1.37,$1.37
02/27/2020,$1.37,N/A,$1.37,$1.37,$1.37
02/26/2020,$1.37,N/A,$1.37,$1.37,$1.37
02/25/2020,$1.37,N/A,$1.37,$1.37,$1.37
02/24/2020,$1.37,N/A,$1.37,$1.37,$1.37
02/21/2020,$1.37,N/A,$1.37,$1.37,$1.37
02/20/2020,$1.37,N/A,$1.37,$1.37,$1.37
02/19/2020,$1.37,1500,$1.37,$1.37,$1.37
02/18/2020,$1.377,N/A,$1.377,$1.377,$1.377
02/14/2020,$1.377,52300,$1.378,$1.378,$1.377
02/13/2020,$1.24,N/A,$1.24,$1.24,$1.24
02/12/2020,$1.24,N/A,$1.24,$1.24,$1.24
02/11/2020,$1.24,N/A,$1.24,$1.24,$1.24
02/10/2020,$1.24,N/A,$1.24,$1.24,$1.24
02/07/2020,$1.24,N/A,$1.24,$1.24,$1.24
02/06/2020,$1.24,350,$1.24,$1.24,$1.24
02/05/2020,$1.37,N/A,$1.37,$1.37,$1.37
02/04/2020,$1.37,N/A,$1.37,$1.37,$1.37
02/03/2020,$1.37,100,$1.37,$1.37,$1.37
01/31/2020,$1.3706,N/A,$1.3706,$1.3706,$1.3706
01/30/2020,$1.3706,N/A,$1.3706,$1.3706,$1.3706
01/29/2020,$1.3706,N/A,$1.3706,$1.3706,$1.3706
01/28/2020,$1.3706,N/A,$1.3706,$1.3706,$1.3706
01/27/2020,$1.3706,N/A,$1.3706,$1.3706,$1.3706
01/24/2020,$1.3706,N/A,$1.3706,$1.3706,$1.3706
01/23/2020,$1.3706,N/A,$1.3706,$1.3706,$1.3706
01/22/2020,$1.3706,N/A,$1.3706,$1.3706,$1.3706
01/21/2020,$1.3706,N/A,$1.3706,$1.3706,$1.3706
01/17/2020,$1.3706,N/A,$1.3706,$1.3706,$1.3706
01/16/2020,$1.3706,N/A,$1.3706,$1.3706,$1.3706
01/15/2020,$1.3706,N/A,$1.3706,$1.3706,$1.3706
01/14/2020,$1.3706,100,$1.3706,$1.3706,$1.3706
01/13/2020,$1.54,N/A,$1.54,$1.54,$1.54
01/10/2020,$1.54,N/A,$1.54,$1.54,$1.54
01/09/2020,$1.54,240,$1.55,$1.55,$1.54
01/08/2020,$1.3882,N/A,$1.3882,$1.3882,$1.3882
01/07/2020,$1.3882,N/A,$1.3882,$1.3882,$1.3882
01/06/2020,$1.3882,750,$1.3934,$1.3934,$1.3882
01/03/2020,$1.30,N/A,$1.30,$1.30,$1.30
01/02/2020,$1.30,N/A,$1.30,$1.30,$1.30
12/31/2019,$1.30,N/A,$1.30,$1.30,$1.30
12/30/2019,$1.30,N/A,$1.30,$1.30,$1.30
12/27/2019,$1.30,15100,$1.3079,$1.3096,$1.30
12/26/2019,$1.395,N/A,$1.395,$1.395,$1.395
12/24/2019,$1.395,600,$1.395,$1.57,$1.22
12/23/2019,$1.41,N/A,$1.41,$1.41,$1.41
12/20/2019,$1.41,N/A,$1.41,$1.41,$1.41
12/19/2019,$1.41,N/A,$1.41,$1.41,$1.41
12/18/2019,$1.41,N/A,$1.41,$1.41,$1.41
12/17/2019,$1.41,N/A,$1.41,$1.41,$1.41
12/16/2019,$1.41,N/A,$1.41,$1.41,$1.41
12/13/2019,$1.41,100,$1.41,$1.41,$1.41
12/12/2019,$1.44,N/A,$1.44,$1.44,$1.44
12/11/2019,$1.44,N/A,$1.44,$1.44,$1.44
12/10/2019,$1.44,N/A,$1.44,$1.44,$1.44
12/09/2019,$1.44,2000,$1.45,$1.45,$1.44
12/06/2019,$1.4218,N/A,$1.4218,$1.4218,$1.4218
12/05/2019,$1.4218,N/A,$1.4218,$1.4218,$1.4218
12/04/2019,$1.4218,N/A,$1.4218,$1.4218,$1.4218
12/03/2019,$1.4218,N/A,$1.4218,$1.4218,$1.4218
12/02/2019,$1.4218,N/A,$1.4218,$1.4218,$1.4218
11/29/2019,$1.4218,N/A,$1.4218,$1.4218,$1.4218
11/27/2019,$1.4218,N/A,$1.4218,$1.4218,$1.4218
11/26/2019,$1.4218,N/A,$1.4218,$1.4218,$1.4218
11/25/2019,$1.4218,N/A,$1.4218,$1.4218,$1.4218
11/22/2019,$1.4218,N/A,$1.4218,$1.4218,$1.4218
11/21/2019,$1.4218,N/A,$1.4218,$1.4218,$1.4218
11/20/2019,$1.4218,N/A,$1.4218,$1.4218,$1.4218
11/19/2019,$1.4218,300,$1.45,$1.45,$1.4218
11/18/2019,$1.354,N/A,$1.354,$1.354,$1.354
11/15/2019,$1.354,1000,$1.354,$1.354,$1.354
11/14/2019,$1.3921,N/A,$1.3921,$1.3921,$1.3921
11/13/2019,$1.3921,N/A,$1.3921,$1.3921,$1.3921
11/12/2019,$1.3921,N/A,$1.3921,$1.3921,$1.3921
11/11/2019,$1.3921,N/A,$1.3921,$1.3921,$1.3921
11/08/2019,$1.3921,500,$1.3921,$1.3921,$1.3921
11/07/2019,$1.34,N/A,$1.34,$1.34,$1.34
11/06/2019,$1.34,900,$1.34,$1.34,$1.34
11/05/2019,$1.4216,N/A,$1.4216,$1.4216,$1.4216
11/04/2019,$1.4216,N/A,$1.4216,$1.4216,$1.4216
11/01/2019,$1.4216,N/A,$1.4216,$1.4216,$1.4216
10/31/2019,$1.4216,N/A,$1.4216,$1.4216,$1.4216
10/30/2019,$1.4216,N/A,$1.4216,$1.4216,$1.4216
10/29/2019,$1.4216,N/A,$1.4216,$1.4216,$1.4216
10/28/2019,$1.4216,N/A,$1.4216,$1.4216,$1.4216
10/25/2019,$1.4216,N/A,$1.4216,$1.4216,$1.4216
10/24/2019,$1.4216,N/A,$1.4216,$1.4216,$1.4216
10/23/2019,$1.4216,N/A,$1.4216,$1.4216,$1.4216
10/22/2019,$1.4216,10200,$1.3649,$1.4216,$1.3267
10/21/2019,$1.4237,N/A,$1.4237,$1.4237,$1.4237
10/18/2019,$1.4237,N/A,$1.4237,$1.4237,$1.4237
10/17/2019,$1.4237,200,$1.4237,$1.4237,$1.4237
10/16/2019,$1.3993,N/A,$1.3993,$1.3993,$1.3993
10/15/2019,$1.3993,500,$1.3993,$1.3993,$1.3993
10/14/2019,$1.4042,N/A,$1.4042,$1.4042,$1.4042
10/11/2019,$1.4042,2300,$1.3718,$1.4042,$1.3718
10/10/2019,$1.3954,N/A,$1.3954,$1.3954,$1.3954
10/09/2019,$1.3954,950,$1.3954,$1.3954,$1.3954
10/08/2019,$1.399,500,$1.399,$1.399,$1.399
10/07/2019,$1.4396,10000,$1.4321,$1.4396,$1.4321
10/04/2019,$1.4395,N/A,$1.4395,$1.4395,$1.4395
10/03/2019,$1.4395,N/A,$1.4395,$1.4395,$1.4395
10/02/2019,$1.4395,N/A,$1.4395,$1.4395,$1.4395
10/01/2019,$1.4395,N/A,$1.4395,$1.4395,$1.4395
09/30/2019,$1.4395,N/A,$1.4395,$1.4395,$1.4395
09/27/2019,$1.4395,N/A,$1.4395,$1.4395,$1.4395
09/26/2019,$1.4395,N/A,$1.4395,$1.4395,$1.4395
09/25/2019,$1.4395,100,$1.4395,$1.4395,$1.4395
09/24/2019,$1.3905,450,$1.4393,$1.4393,$1.3905
09/23/2019,$1.59,415,$1.59,$1.59,$1.59
09/20/2019,$1.64,850,$1.64,$1.64,$1.4405
09/19/2019,$1.4295,N/A,$1.4295,$1.4295,$1.4295
09/18/2019,$1.4295,2709,$1.44,$1.50,$1.4295
09/17/2019,$1.4325,1520,$1.44,$1.44,$1.431
09/16/2019,$1.4386,346,$1.4358,$1.4386,$1.4358
09/13/2019,$1.4325,18195,$1.4424,$1.64,$1.4301
09/12/2019,$1.4342,100,$1.4342,$1.4342,$1.4342
09/11/2019,$1.67,N/A,$1.67,$1.67,$1.67
09/10/2019,$1.67,N/A,$1.67,$1.67,$1.67
09/09/2019,$1.67,N/A,$1.67,$1.67,$1.67
09/06/2019,$1.67,N/A,$1.67,$1.67,$1.67
09/05/2019,$1.67,N/A,$1.67,$1.67,$1.67
09/04/2019,$1.67,N/A,$1.67,$1.67,$1.67
09/03/2019,$1.67,N/A,$1.67,$1.67,$1.67
08/30/2019,$1.67,N/A,$1.67,$1.67,$1.67
08/29/2019,$1.67,N/A,$1.67,$1.67,$1.67
08/28/2019,$1.67,N/A,$1.67,$1.67,$1.67
08/27/2019,$1.67,N/A,$1.67,$1.67,$1.67
08/26/2019,$1.67,N/A,$1.67,$1.67,$1.67
08/23/2019,$1.67,N/A,$1.67,$1.67,$1.67
08/22/2019,$1.67,N/A,$1.67,$1.67,$1.67
08/21/2019,$1.67,N/A,$1.67,$1.67,$1.67
08/20/2019,$1.67,N/A,$1.67,$1.67,$1.67
08/19/2019,$1.67,N/A,$1.67,$1.67,$1.67
08/16/2019,$1.67,N/A,$1.67,$1.67,$1.67
08/15/2019,$1.67,N/A,$1.67,$1.67,$1.67
08/14/2019,$1.67,N/A,$1.67,$1.67,$1.67
08/13/2019,$1.67,N/A,$1.67,$1.67,$1.67
08/12/2019,$1.67,N/A,$1.67,$1.67,$1.67
08/09/2019,$1.67,N/A,$1.67,$1.67,$1.67
08/08/2019,$1.67,N/A,$1.67,$1.67,$1.67
08/07/2019,$1.67,N/A,$1.67,$1.67,$1.67
08/06/2019,$1.67,N/A,$1.67,$1.67,$1.67
08/05/2019,$1.67,N/A,$1.67,$1.67,$1.67
08/02/2019,$1.67,N/A,$1.67,$1.67,$1.67
08/01/2019,$1.67,N/A,$1.67,$1.67,$1.67
07/31/2019,$1.67,N/A,$1.67,$1.67,$1.67
07/30/2019,$1.67,1000,$1.67,$1.67,$1.67
07/29/2019,$1.30,N/A,$1.30,$1.30,$1.30
07/26/2019,$1.30,N/A,$1.30,$1.30,$1.30
07/25/2019,$1.30,N/A,$1.30,$1.30,$1.30
07/24/2019,$1.30,N/A,$1.30,$1.30,$1.30
07/23/2019,$1.30,N/A,$1.30,$1.30,$1.30
07/22/2019,$1.30,N/A,$1.30,$1.30,$1.30
07/19/2019,$1.30,N/A,$1.30,$1.30,$1.30
07/18/2019,$1.30,25000,$1.30,$1.30,$1.30
07/17/2019,$1.19,N/A,$1.19,$1.19,$1.19
07/16/2019,$1.19,N/A,$1.19,$1.19,$1.19
07/15/2019,$1.19,N/A,$1.19,$1.19,$1.19
07/12/2019,$1.19,N/A,$1.19,$1.19,$1.19
07/11/2019,$1.19,N/A,$1.19,$1.19,$1.19
07/10/2019,$1.19,N/A,$1.19,$1.19,$1.19
07/09/2019,$1.19,N/A,$1.19,$1.19,$1.19
07/08/2019,$1.19,N/A,$1.19,$1.19,$1.19
07/05/2019,$1.19,N/A,$1.19,$1.19,$1.19
07/03/2019,$1.19,N/A,$1.19,$1.19,$1.19
07/02/2019,$1.19,N/A,$1.19,$1.19,$1.19
07/01/2019,$1.19,N/A,$1.19,$1.19,$1.19
06/28/2019,$1.19,N/A,$1.19,$1.19,$1.19
06/27/2019,$1.19,N/A,$1.19,$1.19,$1.19
06/26/2019,$1.19,N/A,$1.19,$1.19,$1.19
06/25/2019,$1.19,N/A,$1.19,$1.19,$1.19
06/24/2019,$1.19,N/A,$1.19,$1.19,$1.19
06/21/2019,$1.19,N/A,$1.19,$1.19,$1.19
06/20/2019,$1.19,N/A,$1.19,$1.19,$1.19
06/19/2019,$1.19,N/A,$1.19,$1.19,$1.19
06/18/2019,$1.19,N/A,$1.19,$1.19,$1.19
06/17/2019,$1.19,N/A,$1.19,$1.19,$1.19
06/14/2019,$1.19,N/A,$1.19,$1.19,$1.19
06/13/2019,$1.19,N/A,$1.19,$1.19,$1.19
06/12/2019,$1.19,N/A,$1.19,$1.19,$1.19
06/11/2019,$1.19,N/A,$1.19,$1.19,$1.19
06/10/2019,$1.19,N/A,$1.19,$1.19,$1.19
06/07/2019,$1.19,N/A,$1.19,$1.19,$1.19
06/06/2019,$1.19,N/A,$1.19,$1.19,$1.19
06/05/2019,$1.19,N/A,$1.19,$1.19,$1.19
06/04/2019,$1.19,N/A,$1.19,$1.19,$1.19
06/03/2019,$1.19,N/A,$1.19,$1.19,$1.19
05/31/2019,$1.19,N/A,$1.19,$1.19,$1.19
05/30/2019,$1.19,N/A,$1.19,$1.19,$1.19
05/29/2019,$1.19,N/A,$1.19,$1.19,$1.19
05/28/2019,$1.19,N/A,$1.19,$1.19,$1.19
05/24/2019,$1.19,N/A,$1.19,$1.19,$1.19
05/23/2019,$1.19,N/A,$1.19,$1.19,$1.19
05/22/2019,$1.19,N/A,$1.19,$1.19,$1.19
05/21/2019,$1.19,N/A,$1.19,$1.19,$1.19
05/20/2019,$1.19,N/A,$1.19,$1.19,$1.19
05/17/2019,$1.19,N/A,$1.19,$1.19,$1.19
05/16/2019,$1.19,N/A,$1.19,$1.19,$1.19
05/15/2019,$1.19,N/A,$1.19,$1.19,$1.19
05/14/2019,$1.19,N/A,$1.19,$1.19,$1.19
05/13/2019,$1.19,N/A,$1.19,$1.19,$1.19
05/10/2019,$1.19,N/A,$1.19,$1.19,$1.19
05/09/2019,$1.19,N/A,$1.19,$1.19,$1.19
05/08/2019,$1.19,N/A,$1.19,$1.19,$1.19
05/07/2019,$1.19,N/A,$1.19,$1.19,$1.19
05/06/2019,$1.19,N/A,$1.19,$1.19,$1.19
05/03/2019,$1.19,N/A,$1.19,$1.19,$1.19
05/02/2019,$1.19,N/A,$1.19,$1.19,$1.19
05/01/2019,$1.19,N/A,$1.19,$1.19,$1.19
04/30/2019,$1.19,N/A,$1.19,$1.19,$1.19
04/29/2019,$1.19,N/A,$1.19,$1.19,$1.19
04/26/2019,$1.19,N/A,$1.19,$1.19,$1.19
04/25/2019,$1.19,N/A,$1.19,$1.19,$1.19
04/24/2019,$1.19,N/A,$1.19,$1.19,$1.19
04/23/2019,$1.19,N/A,$1.19,$1.19,$1.19
04/22/2019,$1.19,N/A,$1.19,$1.19,$1.19
04/18/2019,$1.19,N/A,$1.19,$1.19,$1.19
04/17/2019,$1.19,100,$1.19,$1.19,$1.19
04/16/2019,$1.2781,N/A,$1.2781,$1.2781,$1.2781
04/15/2019,$1.2781,N/A,$1.2781,$1.2781,$1.2781
04/12/2019,$1.2781,N/A,$1.2781,$1.2781,$1.2781
04/11/2019,$1.2781,N/A,$1.2781,$1.2781,$1.2781
04/10/2019,$1.2781,N/A,$1.2781,$1.2781,$1.2781
04/09/2019,$1.2781,N/A,$1.2781,$1.2781,$1.2781
04/08/2019,$1.2781,N/A,$1.2781,$1.2781,$1.2781
04/05/2019,$1.2781,100,$1.2781,$1.2781,$1.2781
04/04/2019,$1.263,N/A,$1.263,$1.263,$1.263
04/03/2019,$1.263,N/A,$1.263,$1.263,$1.263
04/02/2019,$1.263,N/A,$1.263,$1.263,$1.263
04/01/2019,$1.263,N/A,$1.263,$1.263,$1.263
03/29/2019,$1.263,N/A,$1.263,$1.263,$1.263
03/28/2019,$1.263,N/A,$1.263,$1.263,$1.263
03/27/2019,$1.263,N/A,$1.263,$1.263,$1.263
03/26/2019,$1.263,N/A,$1.263,$1.263,$1.263
03/25/2019,$1.263,N/A,$1.263,$1.263,$1.263
03/22/2019,$1.263,N/A,$1.263,$1.263,$1.263
03/21/2019,$1.263,N/A,$1.263,$1.263,$1.263
03/20/2019,$1.263,7500,$1.263,$1.263,$1.263
03/19/2019,$1.30,N/A,$1.30,$1.30,$1.30
03/18/2019,$1.30,N/A,$1.30,$1.30,$1.30
03/15/2019,$1.30,N/A,$1.30,$1.30,$1.30
03/14/2019,$1.30,N/A,$1.30,$1.30,$1.30
03/13/2019,$1.30,43100,$1.30,$1.30,$1.30
03/12/2019,$1.544,N/A,$1.544,$1.544,$1.544
03/11/2019,$1.544,N/A,$1.544,$1.544,$1.544
03/08/2019,$1.544,N/A,$1.544,$1.544,$1.544
03/07/2019,$1.544,N/A,$1.544,$1.544,$1.544
03/06/2019,$1.544,N/A,$1.544,$1.544,$1.544
03/05/2019,$1.544,N/A,$1.544,$1.544,$1.544
03/04/2019,$1.544,N/A,$1.544,$1.544,$1.544
03/01/2019,$1.544,N/A,$1.544,$1.544,$1.544
02/28/2019,$1.544,N/A,$1.544,$1.544,$1.544
02/27/2019,$1.544,N/A,$1.544,$1.544,$1.544
02/26/2019,$1.544,N/A,$1.544,$1.544,$1.544
02/25/2019,$1.544,N/A,$1.544,$1.544,$1.544
02/22/2019,$1.544,N/A,$1.544,$1.544,$1.544
02/21/2019,$1.544,N/A,$1.544,$1.544,$1.544
02/20/2019,$1.544,N/A,$1.544,$1.544,$1.544
02/19/2019,$1.544,N/A,$1.544,$1.544,$1.544
02/15/2019,$1.544,N/A,$1.544,$1.544,$1.544
02/14/2019,$1.544,7600,$1.544,$1.544,$1.544
02/13/2019,$1.549,N/A,$1.549,$1.549,$1.549
02/12/2019,$1.549,N/A,$1.549,$1.549,$1.549
02/11/2019,$1.549,25300,$1.549,$1.549,$1.549
02/08/2019,$1.511,24700,$1.488,$1.512,$1.488
02/07/2019,$1.5587,N/A,$1.5587,$1.5587,$1.5587
02/06/2019,$1.5587,N/A,$1.5587,$1.5587,$1.5587
02/05/2019,$1.5587,N/A,$1.5587,$1.5587,$1.5587
02/04/2019,$1.5587,N/A,$1.5587,$1.5587,$1.5587
02/01/2019,$1.5587,N/A,$1.5587,$1.5587,$1.5587
01/31/2019,$1.5587,N/A,$1.5587,$1.5587,$1.5587
01/30/2019,$1.5587,N/A,$1.5587,$1.5587,$1.5587
01/29/2019,$1.5587,N/A,$1.5587,$1.5587,$1.5587
01/28/2019,$1.5587,N/A,$1.5587,$1.5587,$1.5587
01/25/2019,$1.5587,N/A,$1.5587,$1.5587,$1.5587
01/24/2019,$1.5587,N/A,$1.5587,$1.5587,$1.5587
01/23/2019,$1.5587,N/A,$1.5587,$1.5587,$1.5587
01/22/2019,$1.5587,N/A,$1.5587,$1.5587,$1.5587
01/18/2019,$1.5587,N/A,$1.5587,$1.5587,$1.5587
01/17/2019,$1.5587,N/A,$1.5587,$1.5587,$1.5587
01/16/2019,$1.5587,N/A,$1.5587,$1.5587,$1.5587
01/15/2019,$1.5587,N/A,$1.5587,$1.5587,$1.5587
01/14/2019,$1.5587,N/A,$1.5587,$1.5587,$1.5587
01/11/2019,$1.5587,N/A,$1.5587,$1.5587,$1.5587
01/10/2019,$1.5587,100,$1.5587,$1.5587,$1.5587
01/09/2019,$1.4788,300,$1.4788,$1.4788,$1.4788
01/08/2019,$1.4711,200,$1.4711,$1.4711,$1.4711
01/07/2019,$1.5518,N/A,$1.5518,$1.5518,$1.5518
01/04/2019,$1.5518,N/A,$1.5518,$1.5518,$1.5518
01/03/2019,$1.5518,N/A,$1.5518,$1.5518,$1.5518
01/02/2019,$1.5518,N/A,$1.5518,$1.5518,$1.5518
12/31/2018,$1.5518,N/A,$1.5518,$1.5518,$1.5518
12/28/2018,$1.5518,N/A,$1.5518,$1.5518,$1.5518
12/27/2018,$1.5518,N/A,$1.5518,$1.5518,$1.5518
12/26/2018,$1.5518,N/A,$1.5518,$1.5518,$1.5518
12/24/2018,$1.5518,N/A,$1.5518,$1.5518,$1.5518
12/21/2018,$1.5518,N/A,$1.5518,$1.5518,$1.5518
12/20/2018,$1.5518,N/A,$1.5518,$1.5518,$1.5518
12/19/2018,$1.5518,N/A,$1.5518,$1.5518,$1.5518
12/18/2018,$1.5518,N/A,$1.5518,$1.5518,$1.5518
12/17/2018,$1.5518,N/A,$1.5518,$1.5518,$1.5518
12/14/2018,$1.5518,N/A,$1.5518,$1.5518,$1.5518
12/13/2018,$1.5518,N/A,$1.5518,$1.5518,$1.5518
12/12/2018,$1.5518,N/A,$1.5518,$1.5518,$1.5518
12/11/2018,$1.5518,N/A,$1.5518,$1.5518,$1.5518
12/10/2018,$1.5518,N/A,$1.5518,$1.5518,$1.5518
12/07/2018,$1.5518,6700,$1.5518,$1.5518,$1.5518
12/06/2018,$1.5548,N/A,$1.5548,$1.5548,$1.5548
12/04/2018,$1.5548,N/A,$1.5548,$1.5548,$1.5548
12/03/2018,$1.5548,N/A,$1.5548,$1.5548,$1.5548
11/30/2018,$1.5548,N/A,$1.5548,$1.5548,$1.5548
11/29/2018,$1.5548,N/A,$1.5548,$1.5548,$1.5548
11/28/2018,$1.5548,N/A,$1.5548,$1.5548,$1.5548
11/27/2018,$1.5548,N/A,$1.5548,$1.5548,$1.5548
11/26/2018,$1.5548,N/A,$1.5548,$1.5548,$1.5548
11/23/2018,$1.5548,N/A,$1.5548,$1.5548,$1.5548
11/21/2018,$1.5548,N/A,$1.5548,$1.5548,$1.5548
11/20/2018,$1.5548,N/A,$1.5548,$1.5548,$1.5548
11/19/2018,$1.5548,N/A,$1.5548,$1.5548,$1.5548
11/16/2018,$1.5548,N/A,$1.5548,$1.5548,$1.5548
11/15/2018,$1.5548,N/A,$1.5548,$1.5548,$1.5548
11/14/2018,$1.5548,N/A,$1.5548,$1.5548,$1.5548
11/13/2018,$1.5548,N/A,$1.5548,$1.5548,$1.5548
11/12/2018,$1.5548,N/A,$1.5548,$1.5548,$1.5548
11/09/2018,$1.5548,N/A,$1.5548,$1.5548,$1.5548
11/08/2018,$1.5548,N/A,$1.5548,$1.5548,$1.5548
11/07/2018,$1.5548,N/A,$1.5548,$1.5548,$1.5548
11/06/2018,$1.5548,N/A,$1.5548,$1.5548,$1.5548
11/05/2018,$1.5548,600,$1.56,$1.56,$1.5548
11/02/2018,$1.7301,N/A,$1.7301,$1.7301,$1.7301
11/01/2018,$1.7301,N/A,$1.7301,$1.7301,$1.7301
10/31/2018,$1.7301,N/A,$1.7301,$1.7301,$1.7301
10/30/2018,$1.7301,N/A,$1.7301,$1.7301,$1.7301
10/29/2018,$1.7301,N/A,$1.7301,$1.7301,$1.7301
10/26/2018,$1.7301,N/A,$1.7301,$1.7301,$1.7301
10/25/2018,$1.7301,N/A,$1.7301,$1.7301,$1.7301
10/24/2018,$1.7301,N/A,$1.7301,$1.7301,$1.7301
10/23/2018,$1.7301,N/A,$1.7301,$1.7301,$1.7301
10/22/2018,$1.7301,N/A,$1.7301,$1.7301,$1.7301
10/19/2018,$1.7301,N/A,$1.7301,$1.7301,$1.7301
10/18/2018,$1.7301,N/A,$1.7301,$1.7301,$1.7301
10/17/2018,$1.7301,N/A,$1.7301,$1.7301,$1.7301
10/16/2018,$1.7301,N/A,$1.7301,$1.7301,$1.7301
10/15/2018,$1.7301,N/A,$1.7301,$1.7301,$1.7301
10/12/2018,$1.7301,N/A,$1.7301,$1.7301,$1.7301
10/11/2018,$1.7301,N/A,$1.7301,$1.7301,$1.7301
10/10/2018,$1.7301,N/A,$1.7301,$1.7301,$1.7301
10/09/2018,$1.7301,N/A,$1.7301,$1.7301,$1.7301
10/08/2018,$1.7301,N/A,$1.7301,$1.7301,$1.7301
10/05/2018,$1.7301,N/A,$1.7301,$1.7301,$1.7301
10/04/2018,$1.7301,N/A,$1.7301,$1.7301,$1.7301
10/03/2018,$1.7301,N/A,$1.7301,$1.7301,$1.7301
10/02/2018,$1.7301,N/A,$1.7301,$1.7301,$1.7301
10/01/2018,$1.7301,N/A,$1.7301,$1.7301,$1.7301
09/28/2018,$1.7301,N/A,$1.7301,$1.7301,$1.7301
09/27/2018,$1.7301,N/A,$1.7301,$1.7301,$1.7301
09/26/2018,$1.7301,N/A,$1.7301,$1.7301,$1.7301
09/25/2018,$1.7301,N/A,$1.7301,$1.7301,$1.7301
09/24/2018,$1.7301,100,$1.7301,$1.7301,$1.7301
09/21/2018,$1.756,N/A,$1.756,$1.756,$1.756
09/20/2018,$1.756,N/A,$1.756,$1.756,$1.756
09/19/2018,$1.756,N/A,$1.756,$1.756,$1.756
09/18/2018,$1.756,N/A,$1.756,$1.756,$1.756
09/17/2018,$1.756,N/A,$1.756,$1.756,$1.756
09/14/2018,$1.756,N/A,$1.756,$1.756,$1.756
09/13/2018,$1.756,N/A,$1.756,$1.756,$1.756
09/12/2018,$1.756,N/A,$1.756,$1.756,$1.756
09/11/2018,$1.756,N/A,$1.756,$1.756,$1.756
09/10/2018,$1.756,N/A,$1.756,$1.756,$1.756
09/07/2018,$1.756,N/A,$1.756,$1.756,$1.756
09/06/2018,$1.756,N/A,$1.756,$1.756,$1.756
09/05/2018,$1.756,N/A,$1.756,$1.756,$1.756
09/04/2018,$1.756,55000,$1.768,$1.77,$1.756
08/31/2018,$1.782,N/A,$1.782,$1.782,$1.782
08/30/2018,$1.782,N/A,$1.782,$1.782,$1.782
08/29/2018,$1.782,N/A,$1.782,$1.782,$1.782
08/28/2018,$1.782,N/A,$1.782,$1.782,$1.782
08/27/2018,$1.782,4500,$1.781,$1.782,$1.781
08/24/2018,$1.7292,N/A,$1.7292,$1.7292,$1.7292
08/23/2018,$1.7292,N/A,$1.7292,$1.7292,$1.7292
08/22/2018,$1.7292,N/A,$1.7292,$1.7292,$1.7292
08/21/2018,$1.7292,N/A,$1.7292,$1.7292,$1.7292
08/20/2018,$1.7292,1050,$1.5346,$1.7292,$1.5346
08/17/2018,$1.48,N/A,$1.48,$1.48,$1.48
08/16/2018,$1.48,N/A,$1.48,$1.48,$1.48
08/15/2018,$1.48,N/A,$1.48,$1.48,$1.48
08/14/2018,$1.48,N/A,$1.48,$1.48,$1.48
08/13/2018,$1.48,N/A,$1.48,$1.48,$1.48
08/10/2018,$1.48,200,$1.48,$1.48,$1.48
08/09/2018,$1.463,N/A,$1.463,$1.463,$1.463
08/08/2018,$1.463,N/A,$1.463,$1.463,$1.463
08/07/2018,$1.463,100,$1.463,$1.463,$1.463
08/06/2018,$1.4353,N/A,$1.4353,$1.4353,$1.4353
08/03/2018,$1.4353,N/A,$1.4353,$1.4353,$1.4353
08/02/2018,$1.4353,N/A,$1.4353,$1.4353,$1.4353
08/01/2018,$1.4353,350,$1.4353,$1.4353,$1.4353
07/31/2018,$1.4977,N/A,$1.4977,$1.4977,$1.4977
07/30/2018,$1.4977,N/A,$1.4977,$1.4977,$1.4977
07/27/2018,$1.4977,N/A,$1.4977,$1.4977,$1.4977
07/26/2018,$1.4977,100,$1.4977,$1.4977,$1.4977
07/25/2018,$1.4887,N/A,$1.4887,$1.4887,$1.4887
07/24/2018,$1.4887,N/A,$1.4887,$1.4887,$1.4887
07/23/2018,$1.4887,200,$1.4887,$1.4887,$1.4887
07/20/2018,$1.5319,N/A,$1.5319,$1.5319,$1.5319
07/19/2018,$1.5319,300,$1.5319,$1.5319,$1.5319
07/18/2018,$1.4825,N/A,$1.4825,$1.4825,$1.4825
07/17/2018,$1.4825,N/A,$1.4825,$1.4825,$1.4825
07/16/2018,$1.4825,N/A,$1.4825,$1.4825,$1.4825
07/13/2018,$1.4825,N/A,$1.4825,$1.4825,$1.4825
07/12/2018,$1.4825,N/A,$1.4825,$1.4825,$1.4825
07/11/2018,$1.4825,N/A,$1.4825,$1.4825,$1.4825
07/10/2018,$1.4825,N/A,$1.4825,$1.4825,$1.4825
07/09/2018,$1.4825,N/A,$1.4825,$1.4825,$1.4825
07/06/2018,$1.4825,N/A,$1.4825,$1.4825,$1.4825
07/05/2018,$1.4825,N/A,$1.4825,$1.4825,$1.4825
07/03/2018,$1.4825,200,$1.4825,$1.4825,$1.4825
